id,length_bond,length_matdis,length_illparent,length_illchild,length_illspouse,length_own,unaffordable,prop_pay,take_bond,take_matdis,take_illparent,take_illchild,take_illspouse,take_own,emp_size,paid_hrly,nochildren,lnfaminc,faminc,lnearn,fem_cu6,fem_c617,fem_cu6and617,fem_nochild,age,a_age,widowed,divorced,hiemp,separated,nevermarried,male,female,agesq,ltHS,someCol,BA,GradSch,black,white,asian,other,hisp,OCC,occ_1,occ_2,occ_3,occ_4,occ_5,occ_6,occ_7,occ_8,occ_9,occ_10,ind_1,ind_2,ind_3,ind_4,ind_5,ind_6,ind_7,ind_8,ind_9,ind_10,ind_11,ind_12,ind_13,weeks_worked,WAGP,WKHP,PWGTP,FER,WKW,COW,ESR,partner,ndep_kid,ndep_old,empgov_fed,empgov_st,wkhours,empgov_loc,weeks_worked_cat,pay_schedule,total_length,total_leaves,exhausted_by,eligworker,benefit_prop,particip,orig_len_own,orig_len_illspouse,orig_len_illchild,orig_len_illparent,orig_len_matdis,orig_len_bond,longer_leave,extend_flag,fmla_constrain_flag,particip_length,plen_own,plen_illspouse,plen_illchild,plen_illparent,plen_matdis,plen_bond,DI_plen,PFL_plen,base_benefits,base_leave_pay,actual_leave_pay,actual_benefits,bene_effect_flg,topoff_flg,reduce,bene_own,bene_illspouse,bene_illchild,bene_illparent,bene_matdis,bene_bond
5,0,0,0,0,10,0,1,1,0,0,0,0,1,0,1658,1,0,11.09469988,65821.37254,10.60919206,NA,NA,NA,NA,31,31,0,0,1,0,0,1,0,961,0,1,0,0,0,1,0,0,0,1920,0,1,0,0,0,0,0,0,0,0,0,0,0,1,0,0,0,0,0,0,0,0,0,52,40000,40,37,NA,1,1,1,0,1,0,0,0,40,0,51,"all pay, all weeks",10,1,NA,1,0.55,0,0,10,0,0,0,0,0,0,0,0,0,0,0,0,0,0,0,0,0,1538.461538,1538.461538,0,0,0,0,0,0,0,0,0,0
7,0,0,0,0,0,0,0,1,0,0,0,0,0,0,934,1,0,NA,7900,8.987175365,0,0,0,1,69,69,1,0,1,0,0,0,1,4761,0,0,0,1,0,1,0,0,0,9620,0,0,0,0,0,0,0,0,0,1,0,0,0,0,1,0,0,0,0,0,0,0,0,15,7900,15,21,NA,5,1,1,0,0,1,0,0,15,0,20,"all pay, all weeks",0,0,NA,1,0.55,0,0,0,0,0,0,0,0,0,0,0,0,0,0,0,0,0,0,0,0,0,0,0,0,0,0,0,0,0,0,0,0
9,5,0,0,0,0,0,1,1,1,0,0,0,0,0,3936,1,0,8.144088037,3442.964102,6.920312605,0,0,0,1,19,19,0,0,0,0,1,0,1,361,0,1,0,0,0,0,0,0,1,2550,0,1,0,0,0,0,0,0,0,0,0,0,0,0,0,0,0,0,0,1,0,0,0,6,1000,10,22,2,6,2,1,0,2,0,0,0,10,0,7.5,"all pay, all weeks",5,1,NA,1,0.55,0,0,0,0,0,0,5,1,0,0,0,0,0,0,0,0,0,0,0,0,166.6666667,166.6666667,0,0,0,0,0,0,0,0,0,0
10,0,0,0,0,0,0,1,0,0,0,0,0,0,0,1,1,0,8.144088037,3442.964102,7.795781343,NA,NA,NA,NA,51,51,0,0,0,0,0,1,0,2601,1,0,0,0,0,0,0,0,1,9350,0,0,0,0,0,0,0,0,0,1,0,0,0,0,0,0,0,0,0,0,0,1,0,12,2400,41,27,NA,6,7,1,0,2,0,0,0,41,0,7.5,no pay,0,0,NA,1,0.55,0,0,0,0,0,0,0,0,0,0,0,0,0,0,0,0,0,0,0,0,0,0,0,0,0,0,0,0,0,0,0,0
18,0,0,0,0,0,0,1,1,0,0,0,0,0,0,9665,1,0,11.53543312,102276.2866,11.23780072,NA,NA,NA,NA,34,34,0,0,1,0,0,1,0,1156,0,1,0,0,0,1,0,0,0,7200,0,0,0,0,0,0,0,1,0,0,0,0,0,0,1,0,0,0,0,0,0,0,0,52,75000,55,23,NA,1,1,1,0,2,0,0,0,55,0,51,"all pay, all weeks",0,0,NA,1,0.55,0,0,0,0,0,0,0,0,0,0,0,0,0,0,0,0,0,0,0,0,0,0,0,0,0,0,0,0,0,0,0,0
19,0,0,0,0,0,65,1,0,0,0,0,0,0,1,4545,1,0,11.53543312,102276.2866,10.17840914,1,0,0,0,37,37,0,0,1,0,0,0,1,1369,0,1,0,0,0,1,0,0,0,4600,0,0,1,0,0,0,0,0,0,0,0,0,0,0,0,0,0,0,0,1,0,0,0,52,26000,35,21,2,1,1,1,0,2,0,0,0,35,0,51,no pay,65,1,NA,1,0.55,1,65,0,0,0,0,0,1,1,0,60,60,0,0,0,0,0,60,0,3300,0,0,3300,0,0,1,3300,0,0,0,0,0
20,0,0,0,0,0,35,0,0,0,0,0,0,0,1,2699,1,0,NA,7200,8.894393631,0,0,0,1,37,37,0,0,0,0,1,0,1,1369,1,0,0,0,1,0,0,0,0,5240,0,0,0,0,1,0,0,0,0,0,0,0,0,0,0,0,1,0,0,0,0,0,0,35,7200,32,41,2,4,1,1,0,0,0,0,0,32,0,33,no pay,35,1,NA,1,0.55,0,35,0,0,0,0,0,0,0,0,0,0,0,0,0,0,0,0,0,0,0,0,0,0,0,0,0,0,0,0,0,0
21,0,0,0,0,0,0,1,1,0,0,0,0,0,0,158,0,0,11.30233924,81010.92005,11.30233924,NA,NA,NA,NA,47,47,0,1,1,0,0,1,0,2209,0,0,1,0,0,1,0,0,0,3820,0,0,1,0,0,0,0,0,0,0,0,0,0,0,0,0,0,0,0,0,0,0,1,52,80000,50,23,NA,1,5,1,0,2,0,1,0,50,0,51,"all pay, all weeks",0,0,NA,1,0.55,0,0,0,0,0,0,0,1,0,0,0,0,0,0,0,0,0,0,0,0,0,0,0,0,0,0,0,0,0,0,0,0
24,0,0,0,0,0,0,1,0,0,0,0,0,0,0,267,1,0,NA,2000,7.613459786,NA,NA,NA,NA,64,64,0,0,1,0,1,1,0,4096,0,0,0,1,0,1,0,0,0,4850,0,0,0,1,0,0,0,0,0,0,0,0,0,0,1,0,0,0,0,0,0,0,0,24,2000,30,10,NA,5,1,1,0,0,0,0,0,30,0,20,no pay,0,0,NA,1,0.55,0,0,0,0,0,0,0,0,0,0,0,0,0,0,0,0,0,0,0,0,0,0,0,0,0,0,0,0,0,0,0,0
26,0,0,0,0,0,0,1,1,0,0,0,0,0,0,9209,0,0,11.70783768,121520.4306,11.01465717,NA,NA,NA,NA,63,63,0,0,1,0,0,1,0,3969,0,1,0,0,0,1,0,0,0,5700,0,0,0,0,1,0,0,0,0,0,0,0,0,0,1,0,0,0,0,0,0,0,0,52,60000,70,14,NA,1,1,1,0,0,0,0,0,70,0,51,"all pay, all weeks",0,0,NA,1,0.55,0,0,0,0,0,0,0,0,0,0,0,0,0,0,0,0,0,0,0,0,0,0,0,0,0,0,0,0,0,0,0,0
27,0,0,0,0,0,60,1,0,0,0,0,0,0,1,8230,1,0,11.70783768,121520.4306,10.98075562,0,1,0,0,34,34,0,0,1,0,1,0,1,1156,0,0,0,0,0,1,0,0,0,5240,0,0,0,0,1,0,0,0,0,0,0,0,0,0,0,0,0,1,0,0,0,0,0,52,58000,40,12,2,1,1,1,0,0,0,0,0,40,0,51,no pay,60,1,NA,1,0.55,1,60,0,0,0,0,0,0,0,0,55,55,0,0,0,0,0,55,0,6748.076923,0,0,6748.076923,0,0,1,6748.076923,0,0,0,0,0
33,0,0,1,0,0,0,1,1,0,0,1,0,0,0,109,1,1,11.20665399,73618.6736,10.50383154,0,0,0,1,55,55,0,0,1,0,1,0,1,3025,0,0,0,0,0,1,0,0,0,4150,0,0,1,0,0,0,0,0,0,0,0,0,0,0,0,0,0,0,0,1,0,0,0,52,36000,40,10,NA,1,4,1,0,0,2,0,1,40,0,51,"all pay, all weeks",1,1,NA,1,0.55,0,0,0,0,1,0,0,0,0,0,0,0,0,0,0,0,0,0,0,0,138.4615385,138.4615385,0,0,0,0,0,0,0,0,0,0
34,0,0,0,0,0,0,1,0,0,0,0,0,0,0,9972,1,0,NA,5000,8.529750518,NA,NA,NA,NA,18,18,0,0,1,0,1,0,1,324,0,1,0,0,0,1,0,0,0,4150,0,0,1,0,0,0,0,0,0,0,0,0,0,0,0,0,0,0,0,0,1,0,0,52,5000,20,17,2,1,1,1,0,NA,NA,0,0,20,0,51,no pay,0,0,NA,1,0.55,0,0,0,0,0,0,0,1,0,0,0,0,0,0,0,0,0,0,0,0,0,0,0,0,0,0,0,0,0,0,0,0
37,0,0,0,0,0,248,1,1,0,0,0,0,0,1,5691,0,1,12.03830642,169110.2956,11.26411803,NA,NA,NA,NA,35,35,0,0,1,0,0,1,0,1225,0,0,1,0,0,0,0,0,1,4850,0,0,0,1,0,0,0,0,0,0,0,0,0,0,1,0,0,0,0,0,0,0,0,52,77000,40,15,NA,1,1,1,0,0,0,0,0,40,0,51,"all pay, all weeks",248,1,NA,1,0.55,0,248,0,0,0,0,0,1,0,0,0,0,0,0,0,0,0,0,0,0,73446.15385,73446.15385,0,0,0,0,0,0,0,0,0,0
38,0,0,0,0,0,0,0,0,0,0,0,0,0,0,9895,0,1,12.03830642,169110.2956,11.30233924,0,0,0,1,35,35,0,0,1,0,0,0,1,1225,0,0,0,1,0,1,0,0,0,2550,0,1,0,0,0,0,0,0,0,0,0,0,0,0,0,0,0,0,0,1,0,0,0,52,80000,40,13,2,1,1,1,0,0,0,0,0,40,0,51,no pay,0,0,NA,1,0.55,0,0,0,0,0,0,0,0,0,0,0,0,0,0,0,0,0,0,0,0,0,0,0,0,0,0,0,0,0,0,0,0
39,0,0,0,0,0,0,0,1,0,0,0,0,0,0,46,0,1,12.11048781,181768.2519,11.86195503,NA,NA,NA,NA,67,67,0,0,0,0,0,1,0,4489,0,0,0,1,0,1,0,0,0,3060,0,1,0,0,0,0,0,0,0,0,0,0,0,0,0,0,0,0,0,1,0,0,0,52,140000,20,13,NA,1,1,1,0,0,2,0,0,20,0,51,"all pay, all weeks",0,0,NA,1,0.55,0,0,0,0,0,0,0,1,0,0,0,0,0,0,0,0,0,0,0,0,0,0,0,0,0,0,0,0,0,0,0,0
41,0,0,0,0,0,0,1,1,0,0,0,0,0,0,9,1,1,12.16733668,192400.9351,NA,NA,NA,NA,NA,28,28,0,0,0,0,1,1,0,784,0,0,0,0,0,1,0,0,0,4500,0,0,1,0,0,0,0,0,0,0,0,0,0,0,0,0,0,0,0,0,0,1,0,52,0,50,6,NA,1,6,1,0,0,0,0,0,50,0,51,"all pay, all weeks",0,0,NA,0,0.55,0,0,0,0,0,0,0,0,0,0,0,0,0,0,0,0,0,0,0,0,0,0,0,0,0,0,0,0,0,0,0,0
42,0,0,0,0,0,0,1,0,0,0,0,0,0,0,5,1,1,12.16733668,192400.9351,10.13918843,NA,NA,NA,NA,19,19,0,0,1,0,1,1,0,361,0,0,0,0,0,1,0,0,0,6260,0,0,0,0,0,0,1,0,0,0,0,0,1,0,0,0,0,0,0,0,0,0,0,30,25000,40,7,NA,4,1,1,0,0,0,0,0,40,0,33,no pay,0,0,NA,1,0.55,0,0,0,0,0,0,0,0,0,0,0,0,0,0,0,0,0,0,0,0,0,0,0,0,0,0,0,0,0,0,0,0
43,0,0,0,0,0,0,0,0,0,0,0,0,0,0,6085,1,1,12.16733668,192400.9351,11.36296386,0,0,0,1,50,50,0,0,1,0,0,0,1,2500,0,0,0,0,0,1,0,0,0,9130,0,0,0,0,0,0,0,0,0,1,0,0,0,1,0,0,0,0,0,0,0,0,0,52,85000,40,7,2,1,1,1,0,0,0,0,0,40,0,51,no pay,0,0,NA,1,0.55,0,0,0,0,0,0,0,0,0,0,0,0,0,0,0,0,0,0,0,0,0,0,0,0,0,0,0,0,0,0,0,0
45,0,0,0,0,0,90,1,0,0,0,0,0,0,1,9512,1,1,12.16733668,192400.9351,10.92764579,NA,NA,NA,NA,50,50,0,0,1,0,0,1,0,2500,1,0,0,0,0,1,0,0,0,6260,0,0,0,0,0,0,1,0,0,0,0,0,1,0,0,0,0,0,0,0,0,0,0,48,55000,40,8,NA,2,1,1,0,0,0,0,0,40,0,48.5,no pay,90,1,NA,1,0.55,1,90,0,0,0,0,0,0,0,0,85,85,0,0,0,0,0,85,0,10713.54167,0,0,10713.54167,0,0,1,10713.54167,0,0,0,0,0
49,0,0,0,0,0,0,1,1,0,0,0,0,0,0,2417,0,0,NA,530,6.285434333,NA,NA,NA,NA,24,24,0,0,1,0,1,1,0,576,0,1,0,0,0,1,0,0,0,4720,0,0,0,1,0,0,0,0,0,0,0,0,0,0,0,0,0,0,0,1,0,0,0,8,530,10,74,NA,6,1,1,0,0,0,0,0,10,0,7.5,"all pay, all weeks",0,0,NA,1,0.55,0,0,0,0,0,0,0,1,0,0,0,0,0,0,0,0,0,0,0,0,0,0,0,0,0,0,0,0,0,0,0,0
50,0,0,23,0,0,0,1,0,0,0,1,0,0,0,871,1,0,NA,15000,9.628362806,NA,NA,NA,NA,25,25,0,0,1,0,1,1,0,625,0,0,1,0,0,1,0,0,0,2310,0,1,0,0,0,0,0,0,0,0,0,0,0,0,0,0,0,0,0,1,0,0,0,48,15000,35,65,NA,2,3,1,0,0,0,0,0,35,1,48.5,no pay,23,1,NA,1,0.55,1,0,0,0,23,0,0,0,0,0,18,0,0,0,18,0,0,0,18,618.75,0,0,618.75,0,0,1,0,0,0,618.75,0,0
51,0,0,0,0,0,0,1,1,0,0,0,0,0,0,202,0,0,NA,0,NA,NA,NA,NA,NA,25,25,0,0,1,0,1,1,0,625,0,1,0,0,0,1,0,0,0,6420,0,0,0,0,0,0,1,0,0,0,0,0,1,0,0,0,0,0,0,0,0,0,0,40,0,30,53,NA,3,6,1,0,0,0,0,0,30,0,43.5,"all pay, all weeks",0,0,NA,0,0.55,0,0,0,0,0,0,0,0,0,0,0,0,0,0,0,0,0,0,0,0,0,0,0,0,0,0,0,0,0,0,0,0
52,0,0,0,0,0,0,1,0,0,0,0,0,0,0,77,1,0,NA,50000,10.83233561,NA,NA,NA,NA,58,58,0,1,0,0,0,1,0,3364,0,0,0,0,0,1,0,0,0,4700,0,0,0,1,0,0,0,0,0,0,0,0,0,0,1,0,0,0,0,0,0,0,0,52,50000,44,14,NA,1,1,1,0,0,0,0,0,44,0,51,no pay,0,0,NA,1,0.55,0,0,0,0,0,0,0,0,0,0,0,0,0,0,0,0,0,0,0,0,0,0,0,0,0,0,0,0,0,0,0,0
53,0,0,0,0,0,15,0,0,0,0,0,0,0,1,5,0,1,11.10236275,66327.69079,9.44604125,0,0,0,1,74,74,0,0,1,0,0,0,1,5476,0,0,0,0,0,1,0,0,0,630,1,0,0,0,0,0,0,0,0,0,0,0,0,0,0,0,0,1,0,0,0,0,0,52,12500,25,24,NA,1,1,1,0,0,2,0,0,25,0,51,no pay,15,1,NA,1,0.55,0,15,0,0,0,0,0,0,0,0,0,0,0,0,0,0,0,0,0,0,0,0,0,0,0,0,0,0,0,0,0,0
54,0,0,0,0,6,0,0,1,0,0,0,0,1,0,40,1,1,11.10236275,66327.69079,10.55789877,NA,NA,NA,NA,65,65,0,0,1,0,0,1,0,4225,0,1,0,0,0,1,0,0,0,4700,0,0,0,1,0,0,0,0,0,0,0,0,0,0,1,0,0,0,0,0,0,0,0,52,38000,40,23,NA,1,1,1,0,0,2,0,0,40,0,51,"all pay, all weeks",6,1,NA,1,0.55,0,0,6,0,0,0,0,1,0,0,0,0,0,0,0,0,0,0,0,0,876.9230769,876.9230769,0,0,0,0,0,0,0,0,0,0
55,0,0,0,0,0,0,0,1,0,0,0,0,0,0,9028,1,1,11.72269296,123339.1258,8.678170523,0,0,0,1,21,21,0,0,0,0,1,0,1,441,0,1,0,0,0,1,0,0,0,4760,0,0,0,1,0,0,0,0,0,0,0,0,0,0,1,0,0,0,0,0,0,0,0,51,5800,20,13,2,1,1,1,0,0,0,0,0,20,0,51,"all pay, all weeks",0,0,NA,1,0.55,0,0,0,0,0,0,0,0,0,0,0,0,0,0,0,0,0,0,0,0,0,0,0,0,0,0,0,0,0,0,0,0
56,0,0,0,0,10,0,0,0,0,0,0,0,1,0,5480,1,1,11.72269296,123339.1258,11.4846608,NA,NA,NA,NA,49,49,0,0,1,0,0,1,0,2401,0,0,0,1,0,1,0,0,0,7140,0,0,0,0,0,0,0,1,0,0,0,0,0,0,0,1,0,0,0,0,0,0,0,52,96000,40,11,NA,1,1,1,0,0,0,0,0,40,0,51,no pay,10,1,NA,1,0.55,1,0,10,0,0,0,0,0,0,0,5,0,5,0,0,0,0,0,5,1015.384615,0,0,1015.384615,0,0,1,0,1015.384615,0,0,0,0
57,0,0,0,0,0,0,0,1,0,0,0,0,0,0,4844,0,1,11.72269296,123339.1258,9.916044879,0,0,0,1,42,42,0,0,1,0,0,0,1,1764,0,1,0,0,0,0,0,1,0,3600,0,0,1,0,0,0,0,0,0,0,0,0,0,0,0,0,0,0,0,1,0,0,0,52,20000,24,12,2,1,1,1,0,0,0,0,0,24,0,51,"all pay, all weeks",0,0,NA,1,0.55,0,0,0,0,0,0,0,0,0,0,0,0,0,0,0,0,0,0,0,0,0,0,0,0,0,0,0,0,0,0,0,0
58,0,0,0,0,0,5,1,1,0,0,0,0,0,1,3510,0,1,12.66970559,317967.8612,12.66970559,NA,NA,NA,NA,62,62,0,0,1,0,0,1,0,3844,0,0,1,0,0,1,0,0,0,10,1,0,0,0,0,0,0,0,0,0,0,0,0,0,1,0,0,0,0,0,0,0,0,52,314000,60,9,NA,1,1,1,0,0,0,0,0,60,0,51,"all pay, all weeks",5,1,NA,1,0.55,0,5,0,0,0,0,0,0,0,0,0,0,0,0,0,0,0,0,0,0,6038.461538,6038.461538,0,0,0,0,0,0,0,0,0,0
60,0,0,0,0,0,20,0,1,0,0,0,0,0,1,2850,0,0,11.66524473,116453.1976,11.09469988,0,0,1,0,42,42,0,0,1,0,0,0,1,1764,0,0,1,0,0,1,0,0,0,2310,0,1,0,0,0,0,0,0,0,0,0,0,0,0,0,0,0,0,0,1,0,0,0,49,65000,35,11,2,2,3,1,0,2,0,0,0,35,1,48.5,"all pay, all weeks",20,1,NA,1,0.55,0,20,0,0,0,0,0,0,0,0,0,0,0,0,0,0,0,0,0,0,5306.122449,5306.122449,0,0,0,0,0,0,0,0,0,0
62,0,0,0,0,0,0,0,0.375,0,0,0,0,0,0,280,0,0,11.66524473,116453.1976,10.83233561,NA,NA,NA,NA,42,42,0,0,1,0,0,1,0,1764,0,1,0,0,0,1,0,0,0,3740,0,0,1,0,0,0,0,0,0,0,0,0,0,0,0,0,0,0,0,0,0,0,1,52,50000,50,13,NA,1,3,1,0,2,0,0,0,50,1,51,"some pay, all weeks",0,0,NA,1,0.55,0,0,0,0,0,0,0,0,0,0,0,0,0,0,0,0,0,0,0,0,0,0,0,0,0,0,0,0,0,0,0,0
64,60,0,0,0,0,0,1,1,1,0,0,0,0,0,293,1,0,NA,4500,8.424390002,NA,NA,NA,NA,18,18,0,0,1,0,1,0,1,324,0,1,0,0,0,0,0,0,1,310,1,0,0,0,0,0,0,0,0,0,0,0,0,0,0,0,0,0,0,0,1,0,0,52,4500,30,10,2,1,1,1,0,NA,NA,0,0,30,0,51,"all pay, all weeks",60,1,NA,1,0.55,0,0,0,0,0,0,60,0,0,0,0,0,0,0,0,0,0,0,0,0,1038.461538,1038.461538,0,0,0,0,0,0,0,0,0,0
65,0,0,0,0,6,0,1,1,0,0,0,0,1,0,6147,0,0,11.62984281,112402.6516,10.63388467,NA,NA,NA,NA,33,33,0,0,1,0,0,1,0,1089,0,1,0,0,0,1,0,0,0,2000,0,1,0,0,0,0,0,0,0,0,0,0,0,0,0,0,0,0,0,1,0,0,0,52,41000,40,12,NA,1,2,1,0,1,0,0,0,40,0,51,"all pay, all weeks",6,1,NA,1,0.55,0,0,6,0,0,0,0,0,0,0,0,0,0,0,0,0,0,0,0,0,946.1538462,946.1538462,0,0,0,0,0,0,0,0,0,0
66,0,68,0,0,0,0,0,1,0,1,0,0,0,0,2397,1,0,11.62984281,112402.6516,11.16880785,0,1,0,0,32,32,0,0,1,0,0,0,1,1024,0,0,0,1,0,1,0,0,0,2310,0,1,0,0,0,0,0,0,0,0,0,0,0,0,0,0,0,0,0,1,0,0,0,52,70000,40,14,2,1,2,1,0,1,0,0,0,40,0,51,"all pay, all weeks",68,1,NA,1,0.55,0,0,0,0,0,68,0,1,0,0,0,0,0,0,0,0,0,0,0,0,18307.69231,18307.69231,0,0,0,0,0,0,0,0,0,0
76,0,0,0,0,10,0,1,1,0,0,0,0,1,0,1,0,0,10.1706871,26126.02172,9.318207878,0,1,0,0,54,54,0,0,0,0,0,0,1,2916,0,0,0,0,0,1,0,0,0,4230,0,0,1,0,0,0,0,0,0,0,0,0,0,0,0,0,0,0,0,0,0,1,0,40,11000,10,13,NA,3,1,1,0,3,0,0,0,10,0,43.5,"all pay, all weeks",10,1,NA,1,0.55,0,0,10,0,0,0,0,0,0,0,0,0,0,0,0,0,0,0,0,0,550,550,0,0,0,0,0,0,0,0,0,0
87,0,0,0,0,6,0,0,1,0,0,0,0,1,0,9984,0,0,10.81527856,49775.51944,10.81527856,0,1,0,0,55,55,0,0,1,0,0,0,1,3025,0,0,1,0,0,1,0,0,0,1220,0,1,0,0,0,0,0,0,0,0,0,0,0,0,0,0,0,0,0,1,0,0,0,52,50000,36,27,NA,1,1,1,0,1,0,0,0,36,0,51,"all pay, all weeks",6,1,NA,1,0.55,0,0,6,0,0,0,0,1,0,0,0,0,0,0,0,0,0,0,0,0,1153.846154,1153.846154,0,0,0,0,0,0,0,0,0,0
90,0,0,0,0,0,0,0,1,0,0,0,0,0,0,205,1,0,9.810156619,18217.84012,8.608003651,NA,NA,NA,NA,40,40,0,0,0,0,0,1,0,1600,1,0,0,0,0,0,1,0,0,4220,0,0,1,0,0,0,0,0,0,0,0,0,0,0,0,0,0,0,0,0,1,0,0,44,5500,25,20,NA,3,1,1,0,2,0,0,0,25,0,43.5,"all pay, all weeks",0,0,NA,1,0.55,0,0,0,0,0,0,0,0,0,0,0,0,0,0,0,0,0,0,0,0,0,0,0,0,0,0,0,0,0,0,0,0
93,0,0,0,0,10,0,0,1,0,0,0,0,1,0,8314,1,0,NA,62000,11.03038994,NA,NA,NA,NA,59,59,1,0,1,0,0,1,0,3481,0,0,0,0,0,0,0,0,1,3600,0,0,1,0,0,0,0,0,0,0,0,0,0,0,0,0,0,0,0,1,0,0,0,52,62000,40,12,NA,1,4,1,0,0,0,0,1,40,0,51,"all pay, all weeks",10,1,NA,1,0.55,0,0,10,0,0,0,0,0,0,0,0,0,0,0,0,0,0,0,0,0,2384.615385,2384.615385,0,0,0,0,0,0,0,0,0,0
94,0,0,0,0,0,0,1,0,0,0,0,0,0,0,8,1,1,11.35876497,85713.44448,9.793627317,0,0,0,1,20,20,0,0,1,0,1,0,1,400,0,0,0,0,0,1,0,0,0,4110,0,0,1,0,0,0,0,0,0,0,0,0,0,0,0,0,0,0,0,0,1,0,0,52,18000,30,40,2,1,1,1,0,0,0,0,0,30,0,51,no pay,0,0,NA,1,0.55,0,0,0,0,0,0,0,1,0,0,0,0,0,0,0,0,0,0,0,0,0,0,0,0,0,0,0,0,0,0,0,0
95,0,0,0,0,0,65,0,1,0,0,0,0,0,1,26,0,1,11.35876497,85713.44448,10.96369857,NA,NA,NA,NA,50,50,0,1,1,0,0,1,0,2500,0,0,1,0,0,1,0,0,0,1020,0,1,0,0,0,0,0,0,0,0,0,0,0,0,0,0,0,0,1,0,0,0,0,52,58000,45,19,NA,1,1,1,0,0,0,0,0,45,0,51,"all pay, all weeks",65,1,NA,1,0.55,0,65,0,0,0,0,0,0,0,0,0,0,0,0,0,0,0,0,0,0,14500,14500,0,0,0,0,0,0,0,0,0,0
96,0,0,0,0,0,0,1,0,0,0,0,0,0,0,70,1,1,11.35876497,85713.44448,9.205840652,NA,NA,NA,NA,18,18,0,0,1,0,1,1,0,324,0,0,0,0,0,1,0,0,0,4020,0,0,1,0,0,0,0,0,0,0,0,0,0,0,0,0,0,0,0,0,1,0,0,52,10000,30,57,NA,1,1,1,0,0,0,0,0,30,0,51,no pay,0,0,NA,1,0.55,0,0,0,0,0,0,0,0,0,0,0,0,0,0,0,0,0,0,0,0,0,0,0,0,0,0,0,0,0,0,0,0
99,0,0,0,0,0,0,0,1,0,0,0,0,0,0,2247,0,1,11.75762683,127723.9829,8.743805193,NA,NA,NA,NA,59,59,0,0,1,0,0,1,0,3481,0,0,0,1,0,1,0,0,0,1020,0,1,0,0,0,0,0,0,0,0,0,0,0,0,0,0,0,0,1,0,0,0,0,10,6300,20,13,NA,6,1,1,0,0,0,0,0,20,0,7.5,"all pay, all weeks",0,0,NA,1,0.55,0,0,0,0,0,0,0,1,0,0,0,0,0,0,0,0,0,0,0,0,0,0,0,0,0,0,0,0,0,0,0,0
100,0,0,0,0,0,248,0,1,0,0,0,0,0,1,3,0,0,11.87306886,143353.496,NA,NA,NA,NA,NA,47,47,0,0,0,0,0,1,0,2209,0,1,0,0,0,1,0,0,0,6230,0,0,0,0,0,0,1,0,0,0,0,0,1,0,0,0,0,0,0,0,0,0,0,52,0,40,12,NA,1,6,1,0,1,1,0,0,40,0,51,"all pay, all weeks",248,1,NA,0,0.55,0,248,0,0,0,0,0,0,0,0,0,0,0,0,0,0,0,0,0,0,0,0,0,0,0,0,0,0,0,0,0,0
104,0,0,0,0,0,180,0,1,0,0,0,0,0,1,72,1,0,11.32810219,83125.11747,9.505945245,NA,NA,NA,NA,47,47,0,0,1,0,0,1,0,2209,0,1,0,0,0,1,0,0,0,7320,0,0,0,0,0,0,0,1,0,0,0,0,0,0,0,0,0,0,0,0,0,1,0,52,13500,30,29,NA,1,7,1,0,1,0,0,0,30,0,51,"all pay, all weeks",180,1,NA,1,0.55,0,180,0,0,0,0,0,0,0,0,0,0,0,0,0,0,0,0,0,0,9346.153846,9346.153846,0,0,0,0,0,0,0,0,0,0
105,0,0,0,0,0,0,0,0,0,0,0,0,0,0,3014,0,0,11.32810219,83125.11747,11.1517508,0,1,0,0,47,47,0,0,1,0,0,0,1,2209,0,0,0,1,0,1,0,0,0,2310,0,1,0,0,0,0,0,0,0,0,0,0,0,0,0,0,0,0,0,1,0,0,0,52,70000,40,31,2,1,3,1,0,1,0,0,0,40,1,51,no pay,0,0,NA,1,0.55,0,0,0,0,0,0,0,1,0,0,0,0,0,0,0,0,0,0,0,0,0,0,0,0,0,0,0,0,0,0,0,0
111,0,0,135,0,0,0,1,0,0,0,1,0,0,0,9,1,1,11.16184256,70392.53959,8.156018528,0,0,0,1,62,62,0,0,0,0,0,0,1,3844,0,1,0,0,0,1,0,0,0,5860,0,0,0,0,1,0,0,0,0,0,0,0,0,0,0,0,0,0,0,0,0,1,0,52,3500,8,12,NA,1,2,1,0,0,1,0,0,8,0,51,no pay,135,1,NA,1,0.55,0,0,0,0,135,0,0,0,0,0,0,0,0,0,0,0,0,0,0,222.1153846,0,0,0,1,0,0,0,0,0,0,0,0
114,0,0,0,0,0,0,0,1,0,0,0,0,0,0,189,0,1,12.14500257,188151.4635,11.46760375,NA,NA,NA,NA,44,44,0,0,0,0,0,1,0,1936,1,0,0,0,0,0,0,0,1,1530,0,1,0,0,0,0,0,0,0,0,0,0,0,0,0,0,0,0,1,0,0,0,0,47,96000,40,11,NA,3,1,1,0,0,0,0,0,40,0,43.5,"all pay, all weeks",0,0,NA,1,0.55,0,0,0,0,0,0,0,0,0,0,0,0,0,0,0,0,0,0,0,0,0,0,0,0,0,0,0,0,0,0,0,0
116,0,0,0,0,0,0,0,0,0,0,0,0,0,0,444,0,1,12.14500257,188151.4635,11.34590682,0,0,0,1,44,44,0,0,0,0,0,0,1,1936,0,0,0,1,0,1,0,0,0,1240,0,1,0,0,0,0,0,0,0,0,0,0,0,0,0,0,0,1,0,0,0,0,0,50,85000,40,10,2,1,1,1,0,0,0,0,0,40,0,51,no pay,0,0,NA,1,0.55,0,0,0,0,0,0,0,0,0,0,0,0,0,0,0,0,0,0,0,0,0,0,0,0,0,0,0,0,0,0,0,0
118,0,0,0,0,0,0,1,1,0,0,0,0,0,0,39,0,0,11.03040607,61722.63962,11.03038994,0,1,0,0,50,50,0,1,0,0,0,0,1,2500,0,0,0,1,0,1,0,0,0,630,1,0,0,0,0,0,0,0,0,0,0,0,0,0,0,0,0,0,1,0,0,0,0,52,62000,40,11,2,1,7,1,0,2,0,0,0,40,0,51,"all pay, all weeks",0,0,NA,1,0.55,0,0,0,0,0,0,0,0,0,0,0,0,0,0,0,0,0,0,0,0,0,0,0,0,0,0,0,0,0,0,0,0
120,0,0,0,0,0,45,0,0.375,0,0,0,0,0,1,332,0,1,11.29770471,80636.34149,10.36899146,NA,NA,NA,NA,59,59,0,0,1,0,0,1,0,3481,0,0,0,0,0,1,0,0,0,9130,0,0,0,0,0,0,0,0,0,1,0,0,0,0,1,0,0,0,0,0,0,0,0,52,32000,40,21,NA,1,1,1,0,0,0,0,0,40,0,51,"all pay, some weeks",45,1,17,1,0.55,1,45,0,0,0,0,0,0,0,0,28,28,0,0,0,0,0,28,0,1895.384615,2076.923077,2076.923077,1895.384615,0,0,1,1895.384615,0,0,0,0,0
121,0,0,0,0,0,0,0,0,0,0,0,0,0,0,8757,1,1,11.29770471,80636.34149,10.79507586,0,0,0,1,57,57,0,0,1,0,0,0,1,3249,0,1,0,0,0,1,0,0,0,5940,0,0,0,0,1,0,0,0,0,0,0,0,0,1,0,0,0,0,0,0,0,0,0,52,49000,40,21,NA,1,1,1,0,0,0,0,0,40,0,51,no pay,0,0,NA,1,0.55,0,0,0,0,0,0,0,0,0,0,0,0,0,0,0,0,0,0,0,0,0,0,0,0,0,0,0,0,0,0,0,0
122,0,0,0,0,0,0,0,0.625,0,0,0,0,0,0,397,1,0,11.50942525,99650.58992,10.70991805,0,1,0,0,42,42,0,0,1,0,0,0,1,1764,0,1,0,0,0,0,1,0,0,5700,0,0,0,0,1,0,0,0,0,0,0,0,0,0,0,0,0,0,0,1,0,0,0,52,45000,40,13,2,1,1,1,0,2,1,0,0,40,0,51,"some pay, all weeks",0,0,NA,1,0.55,0,0,0,0,0,0,0,0,0,0,0,0,0,0,0,0,0,0,0,0,0,0,0,0,0,0,0,0,0,0,0,0
126,0,0,0,0,0,0,0,0,0,0,0,0,0,0,123,1,0,11.50942525,99650.58992,10.70991805,NA,NA,NA,NA,48,48,0,0,1,0,0,1,0,2304,1,0,0,0,0,0,1,0,0,4000,0,0,1,0,0,0,0,0,0,0,0,0,0,0,0,0,0,0,0,0,1,0,0,52,45000,40,12,NA,1,1,1,0,2,1,0,0,40,0,51,no pay,0,0,NA,1,0.55,0,0,0,0,0,0,0,0,0,0,0,0,0,0,0,0,0,0,0,0,0,0,0,0,0,0,0,0,0,0,0,0
127,0,0,0,0,0,0,1,1,0,0,0,0,0,0,8243,1,0,NA,13000,9.468204917,NA,NA,NA,NA,23,23,0,0,1,0,1,1,0,529,0,1,0,0,0,1,0,0,0,8920,0,0,0,0,0,0,0,0,1,0,0,0,0,1,0,0,0,0,0,0,0,0,0,51,13000,37,26,NA,1,1,1,0,0,0,0,0,37,0,51,"all pay, all weeks",0,0,NA,1,0.55,0,0,0,0,0,0,0,0,0,0,0,0,0,0,0,0,0,0,0,0,0,0,0,0,0,0,0,0,0,0,0,0
128,0,0,23,0,0,0,1,0,0,0,1,0,0,0,677,1,0,NA,30000,10.30445294,NA,NA,NA,NA,25,25,0,0,1,0,1,1,0,625,0,0,1,0,0,1,0,0,0,4600,0,0,1,0,0,0,0,0,0,0,0,0,0,0,0,0,0,0,0,1,0,0,0,52,30000,50,24,NA,1,2,1,0,0,0,0,0,50,0,51,no pay,23,1,NA,1,0.55,1,0,0,0,23,0,0,1,1,0,18,0,0,0,18,0,0,0,18,1142.307692,0,0,1142.307692,0,0,1,0,0,0,1142.307692,0,0
129,0,0,135,0,0,0,1,0,0,0,1,0,0,0,596,0,0,NA,40000,10.59213501,NA,NA,NA,NA,24,24,0,0,1,0,1,1,0,576,0,0,1,0,0,1,0,0,0,630,1,0,0,0,0,0,0,0,0,0,0,0,0,0,0,0,0,0,0,0,0,1,0,49,40000,60,19,NA,2,2,1,0,0,0,0,0,60,0,48.5,no pay,135,1,NA,1,0.55,1,0,0,0,135,0,0,1,1,0,30,0,0,0,30,0,0,0,30,2693.877551,0,0,2693.877551,0,0,1,0,0,0,2693.877551,0,0
130,0,0,10,0,0,0,1,0,0,0,1,0,0,0,255,0,0,NA,58000,10.96369857,NA,NA,NA,NA,25,25,0,0,1,0,1,1,0,625,0,0,1,0,0,1,0,0,0,1460,0,1,0,0,0,0,0,0,0,0,0,0,0,0,0,0,0,0,1,0,0,0,0,52,58000,40,25,NA,1,1,1,0,0,0,0,0,40,0,51,no pay,10,1,NA,1,0.55,1,0,0,0,10,0,0,0,0,0,5,0,0,0,5,0,0,0,5,613.4615385,0,0,613.4615385,0,0,1,0,0,0,613.4615385,0,0
131,0,0,0,0,0,0,1,1,0,0,0,0,0,0,9,0,0,NA,30000,10.30445294,NA,NA,NA,NA,24,24,0,0,1,0,1,1,0,576,0,1,0,0,0,1,0,0,0,6100,0,0,0,0,0,1,0,0,0,0,1,0,0,0,0,0,0,0,0,0,0,0,0,32,30000,60,26,NA,4,1,1,0,0,0,0,0,60,0,33,"all pay, all weeks",0,0,NA,1,0.55,0,0,0,0,0,0,0,1,0,0,0,0,0,0,0,0,0,0,0,0,0,0,0,0,0,0,0,0,0,0,0,0
132,0,0,0,0,0,0,1,1,0,0,0,0,0,0,5,1,0,NA,0,NA,NA,NA,NA,NA,42,42,0,0,0,0,1,1,0,1764,0,1,0,0,0,1,0,0,0,4250,0,0,1,0,0,0,0,0,0,0,0,0,0,0,0,0,0,0,1,0,0,0,0,52,0,40,21,NA,1,6,1,0,0,0,0,0,40,0,51,"all pay, all weeks",0,0,NA,0,0.55,0,0,0,0,0,0,0,0,0,0,0,0,0,0,0,0,0,0,0,0,0,0,0,0,0,0,0,0,0,0,0,0
133,0,0,0,0,0,0,0,1,0,0,0,0,0,0,1315,1,0,NA,1.00E+05,11.50842575,NA,NA,NA,NA,41,41,0,0,1,0,1,1,0,1681,0,0,1,0,0,1,0,0,0,4700,0,0,0,1,0,0,0,0,0,0,0,0,0,0,1,0,0,0,0,0,0,0,0,52,100000,45,23,NA,1,1,1,0,0,0,0,0,45,0,51,"all pay, all weeks",0,0,NA,1,0.55,0,0,0,0,0,0,0,0,0,0,0,0,0,0,0,0,0,0,0,0,0,0,0,0,0,0,0,0,0,0,0,0
134,0,0,0,0,0,0,1,0,0,0,0,0,0,0,1,1,0,NA,5000,8.512693472,NA,NA,NA,NA,22,22,0,0,1,0,1,0,1,484,0,1,0,0,0,1,0,0,0,4760,0,0,0,1,0,0,0,0,0,0,0,0,0,0,1,0,0,0,0,0,0,0,0,42,5000,20,5,2,3,1,1,0,NA,NA,0,0,20,0,43.5,no pay,0,0,NA,1,0.55,0,0,0,0,0,0,0,0,0,0,0,0,0,0,0,0,0,0,0,0,0,0,0,0,0,0,0,0,0,0,0,0
135,0,0,0,0,0,68,0,1,0,0,0,0,0,1,5230,1,0,NA,105000,11.55721591,NA,NA,NA,NA,64,64,0,1,1,0,0,1,0,4096,0,1,0,0,0,1,0,0,0,5940,0,0,0,0,1,0,0,0,0,0,0,0,0,0,1,0,0,0,0,0,0,0,0,52,105000,45,35,NA,1,1,1,0,0,0,0,0,45,0,51,"all pay, all weeks",68,1,NA,1,0.55,0,68,0,0,0,0,0,1,0,0,0,0,0,0,0,0,0,0,0,0,27461.53846,27461.53846,0,0,0,0,0,0,0,0,0,0
138,0,0,0,0,0,25,1,1,0,0,0,0,0,1,9408,0,0,11.27016856,78446.21864,11.03038994,NA,NA,NA,NA,51,51,0,0,1,0,0,1,0,2601,0,0,0,0,0,1,0,0,0,600,1,0,0,0,0,0,0,0,0,0,0,0,0,1,0,0,0,0,0,0,0,0,0,52,62000,45,14,NA,1,1,1,0,0,0,0,0,45,0,51,"all pay, all weeks",25,1,NA,1,0.55,0,25,0,0,0,0,0,0,0,0,0,0,0,0,0,0,0,0,0,0,5961.538462,5961.538462,0,0,0,0,0,0,0,0,0,0
140,0,0,0,0,10,0,1,1,0,0,0,0,1,0,447,0,0,NA,70000,11.1517508,0,0,0,1,54,54,0,0,1,0,0,0,1,2916,0,0,0,0,0,1,0,0,0,5000,0,0,0,0,1,0,0,0,0,0,0,0,0,0,1,0,0,0,0,0,0,0,0,52,70000,40,17,NA,1,1,1,1,0,0,0,0,40,0,51,"all pay, all weeks",10,1,NA,1,0.55,0,0,10,0,0,0,0,0,0,0,0,0,0,0,0,0,0,0,0,0,2692.307692,2692.307692,0,0,0,0,0,0,0,0,0,0
144,0,0,0,0,0,0,1,0.875,0,0,0,0,0,0,27,1,0,11.51837608,100546.5493,10.70991805,NA,NA,NA,NA,53,53,0,0,1,0,1,1,0,2809,0,0,0,0,0,1,0,0,0,6320,0,0,0,0,0,0,1,0,0,0,0,0,1,0,0,0,0,0,0,0,0,0,0,20,45000,40,15,NA,5,1,1,0,1,0,0,0,40,0,20,"some pay, all weeks",0,0,NA,1,0.55,0,0,0,0,0,0,0,0,0,0,0,0,0,0,0,0,0,0,0,0,0,0,0,0,0,0,0,0,0,0,0,0
145,0,0,0,0,0,270,1,0,0,0,0,0,0,1,48,1,0,10.45860362,34842.86361,10.45860362,0,1,0,0,48,48,0,1,1,0,0,0,1,2304,0,0,0,0,0,1,0,0,0,5700,0,0,0,0,1,0,0,0,0,0,0,0,0,0,0,0,0,0,1,0,0,0,0,52,35000,45,74,2,1,1,1,0,1,0,0,0,45,0,51,no pay,270,1,NA,1,0.55,1,270,0,0,0,0,0,0,0,0,260,260,0,0,0,0,0,260,0,19250,0,0,19250,0,0,1,19250,0,0,0,0,0
147,0,0,0,0,0,45,1,0,0,0,0,0,0,1,6424,1,0,NA,11600,9.354260657,0,0,0,1,62,62,0,1,1,0,0,0,1,3844,0,0,0,0,0,1,0,0,0,4620,0,0,1,0,0,0,0,0,0,0,0,0,0,0,0,0,0,0,0,1,0,0,0,52,11600,17,21,NA,1,1,1,0,0,0,0,0,17,0,51,no pay,45,1,NA,1,0.55,0,45,0,0,0,0,0,0,0,0,0,0,0,0,0,0,0,0,0,981.5384615,0,0,0,1,0,0,0,0,0,0,0,0
151,0,0,0,0,0,158,1,0,0,0,0,0,0,1,3049,1,0,NA,55000,10.91058874,NA,NA,NA,NA,36,36,0,1,1,0,0,1,0,1296,0,0,0,0,0,1,0,0,0,6230,0,0,0,0,0,0,1,0,0,0,0,0,0,1,0,0,0,0,0,0,0,0,0,52,55000,50,14,NA,1,1,1,0,0,0,0,0,50,0,51,no pay,158,1,NA,1,0.55,1,158,0,0,0,0,0,0,0,0,153,153,0,0,0,0,0,153,0,17800.96154,0,0,17800.96154,0,0,1,17800.96154,0,0,0,0,0
157,0,0,0,0,0,0,0,0.625,0,0,0,0,0,0,2649,1,1,10.72535386,45494.82477,9.644095583,0,0,0,1,24,24,0,0,1,0,1,0,1,576,0,0,1,0,0,1,0,0,0,4760,0,0,0,1,0,0,0,0,0,0,0,0,0,0,1,0,0,0,0,0,0,0,0,52,15500,35,22,2,1,1,1,0,0,1,0,0,35,0,51,"some pay, all weeks",0,0,NA,1,0.55,0,0,0,0,0,0,0,0,0,0,0,0,0,0,0,0,0,0,0,0,0,0,0,0,0,0,0,0,0,0,0,0
158,0,0,0,0,0,113,0,1,0,0,0,0,0,1,2,0,0,NA,940,6.841380156,NA,NA,NA,NA,22,22,0,0,0,0,1,1,0,484,0,0,0,0,1,0,0,0,0,4130,0,0,1,0,0,0,0,0,0,0,0,0,0,0,0,0,0,0,0,1,0,0,0,36,940,20,12,NA,4,4,1,0,NA,NA,0,1,20,0,33,"all pay, all weeks",113,1,NA,1,0.55,0,113,0,0,0,0,0,0,0,0,0,0,0,0,0,0,0,0,0,0,590.1111111,590.1111111,0,0,0,0,0,0,0,0,0,0
167,0,0,0,0,0,68,0,1,0,0,0,0,0,1,7816,0,1,11.98664553,160595.7359,10.42961608,NA,NA,NA,NA,59,59,0,0,1,0,0,1,0,3481,0,0,1,0,0,1,0,0,0,2015,0,1,0,0,0,0,0,0,0,0,0,0,0,0,0,0,0,0,0,1,0,0,0,52,34000,40,15,NA,1,3,1,0,0,0,0,0,40,1,51,"all pay, all weeks",68,1,NA,1,0.55,0,68,0,0,0,0,0,1,0,0,0,0,0,0,0,0,0,0,0,0,8892.307692,8892.307692,0,0,0,0,0,0,0,0,0,0
173,0,0,0,0,0,68,0,0.375,0,0,0,0,0,1,9763,1,1,11.31273872,81857.78711,11.04677517,NA,NA,NA,NA,57,57,0,0,1,0,0,1,0,3249,0,0,0,0,0,1,0,0,0,8030,0,0,0,0,0,0,0,0,1,0,0,0,0,0,1,0,0,0,0,0,0,0,0,52,64000,80,13,NA,1,1,1,0,0,0,0,0,80,0,51,"some pay, all weeks",68,1,NA,1,0.55,0,68,0,0,0,0,0,0,0,0,0,0,0,0,0,0,0,0,0,0,6276.923077,6276.923077,0,0,0,0,0,0,0,0,0,0
174,0,0,0,0,0,0,0,0,0,0,0,0,0,0,3327,1,1,11.31273872,81857.78711,9.858306551,0,0,0,1,57,57,0,0,1,0,0,0,1,3249,0,1,0,0,0,1,0,0,0,5120,0,0,0,0,1,0,0,0,0,0,0,0,0,0,1,0,0,0,0,0,0,0,0,52,19500,50,13,NA,1,1,1,0,0,0,0,0,50,0,51,no pay,0,0,NA,1,0.55,0,0,0,0,0,0,0,0,0,0,0,0,0,0,0,0,0,0,0,0,0,0,0,0,0,0,0,0,0,0,0,0
176,0,0,0,0,0,23,1,0,0,0,0,0,0,1,636,0,0,11.21862543,74505.29126,10.47141102,0,1,0,0,35,35,0,0,1,0,0,0,1,1225,0,1,0,0,0,1,0,0,0,4700,0,0,0,1,0,0,0,0,0,0,0,0,0,0,1,0,0,0,0,0,0,0,0,52,36000,40,7,2,1,4,1,0,2,0,0,1,40,0,51,no pay,23,1,NA,1,0.55,1,23,0,0,0,0,0,0,0,0,18,18,0,0,0,0,0,18,0,1370.769231,0,0,1370.769231,0,0,1,1370.769231,0,0,0,0,0
177,0,0,0,0,0,0,1,1,0,0,0,0,0,0,3604,0,0,11.21862543,74505.29126,10.57677154,NA,NA,NA,NA,39,39,0,0,1,0,0,1,0,1521,0,0,1,0,0,1,0,0,0,2825,0,1,0,0,0,0,0,0,0,0,0,0,0,0,0,0,0,0,0,1,0,0,0,52,40000,45,6,NA,1,2,1,0,2,0,0,0,45,0,51,"all pay, all weeks",0,0,NA,1,0.55,0,0,0,0,0,0,0,1,0,0,0,0,0,0,0,0,0,0,0,0,0,0,0,0,0,0,0,0,0,0,0,0
183,0,0,0,0,0,45,0,1,0,0,0,0,0,1,4357,0,0,11.31870888,82347.9535,11.21862543,0,0,0,1,51,51,0,0,0,0,0,0,1,2601,0,0,0,1,0,1,0,0,0,3255,0,1,0,0,0,0,0,0,0,0,0,0,0,0,0,0,0,0,0,1,0,0,0,36,76000,40,34,NA,4,2,1,1,1,0,0,0,40,0,33,"all pay, all weeks",45,1,NA,1,0.55,0,45,0,0,0,0,0,0,0,0,0,0,0,0,0,0,0,0,0,0,19000,19000,0,0,0,0,0,0,0,0,0,0
184,0,0,0,0,0,135,1,0,0,0,0,0,0,1,642,1,0,11.31870888,82347.9535,8.574291039,NA,NA,NA,NA,23,23,0,0,0,0,0,1,0,529,1,0,0,0,0,1,0,0,0,6765,0,0,0,0,0,0,1,0,0,0,0,0,0,0,1,0,0,0,0,0,0,0,0,35,5400,40,27,NA,4,1,1,1,1,0,0,0,40,0,33,no pay,135,1,NA,1,0.55,0,135,0,0,0,0,0,0,0,0,0,0,0,0,0,0,0,0,0,2206.285714,0,0,0,1,0,0,0,0,0,0,0,0
187,0,0,0,0,0,0,0,0.625,0,0,0,0,0,0,1170,1,1,11.75773157,127737.3612,9.595942286,0,0,0,1,23,23,0,0,1,0,1,0,1,529,0,0,1,0,0,1,0,0,0,4760,0,0,0,1,0,0,0,0,0,0,0,0,0,0,1,0,0,0,0,0,0,0,0,52,15000,20,11,2,1,1,1,0,0,0,0,0,20,0,51,"some pay, all weeks",0,0,NA,1,0.55,0,0,0,0,0,0,0,0,0,0,0,0,0,0,0,0,0,0,0,0,0,0,0,0,0,0,0,0,0,0,0,0
188,0,0,0,0,0,0,0,0,0,0,0,0,0,0,331,1,1,11.75773157,127737.3612,10.44324015,0,0,0,1,51,51,0,0,1,0,0,0,1,2601,0,0,0,0,0,1,0,0,0,4610,0,0,1,0,0,0,0,0,0,0,0,0,0,0,0,0,0,0,0,1,0,0,0,40,35000,35,10,NA,3,3,1,0,0,0,0,0,35,1,43.5,no pay,0,0,NA,1,0.55,0,0,0,0,0,0,0,0,0,0,0,0,0,0,0,0,0,0,0,0,0,0,0,0,0,0,0,0,0,0,0,0
189,0,0,0,0,0,0,0,0.625,0,0,0,0,0,0,2797,0,1,11.75773157,127737.3612,11.26991872,NA,NA,NA,NA,54,54,0,0,1,0,0,1,0,2916,0,0,0,0,0,1,0,0,0,5550,0,0,0,0,1,0,0,0,0,0,0,0,0,0,0,1,0,0,0,0,0,0,0,52,80000,50,11,NA,1,5,1,0,0,0,1,0,50,0,51,"some pay, all weeks",0,0,NA,1,0.55,0,0,0,0,0,0,0,0,0,0,0,0,0,0,0,0,0,0,0,0,0,0,0,0,0,0,0,0,0,0,0,0
192,0,0,0,0,0,0,1,0.875,0,0,0,0,0,0,3,1,0,NA,0,NA,0,0,0,1,34,34,0,0,0,0,1,0,1,1156,0,0,1,0,0,0,0,1,0,2630,0,1,0,0,0,0,0,0,0,0,0,0,0,0,0,0,0,0,1,0,0,0,0,40,0,44,26,2,3,6,1,0,0,0,0,0,44,0,43.5,"some pay, all weeks",0,0,NA,0,0.55,0,0,0,0,0,0,0,0,0,0,0,0,0,0,0,0,0,0,0,0,0,0,0,0,0,0,0,0,0,0,0,0
193,0,0,0,0,0,0,0,0,0,0,0,0,0,0,3363,1,1,12.07415995,175283.501,11.67538383,0,0,0,1,73,73,0,0,1,0,0,0,1,5329,0,0,0,1,0,1,0,0,0,2200,0,1,0,0,0,0,0,0,0,0,0,0,0,0,0,0,0,0,0,1,0,0,0,52,120000,50,6,NA,1,2,1,0,0,2,0,0,50,0,51,no pay,0,0,NA,1,0.55,0,0,0,0,0,0,0,0,0,0,0,0,0,0,0,0,0,0,0,0,0,0,0,0,0,0,0,0,0,0,0,0
194,0,0,0,0,0,25,0,1,0,0,0,0,0,1,3994,1,1,12.07415995,175283.501,10.28908947,NA,NA,NA,NA,70,70,0,0,1,0,0,1,0,4900,0,0,0,0,0,1,0,0,0,9120,0,0,0,0,0,0,0,0,0,1,0,0,0,0,0,1,0,0,0,0,0,0,0,52,30000,30,5,NA,1,1,1,0,0,2,0,0,30,0,51,"all pay, all weeks",25,1,NA,1,0.55,0,25,0,0,0,0,0,0,0,0,0,0,0,0,0,0,0,0,0,0,2884.615385,2884.615385,0,0,0,0,0,0,0,0,0,0
199,0,0,0,0,0,0,1,1,0,0,0,0,0,0,296,0,0,12.19615978,198027.2215,12.18620945,NA,NA,NA,NA,47,47,0,0,1,0,0,1,0,2209,0,0,1,0,0,1,0,0,0,800,1,0,0,0,0,0,0,0,0,0,0,0,0,0,0,0,0,0,1,0,0,0,0,52,200000,60,8,NA,1,1,1,0,3,0,0,0,60,0,51,"all pay, all weeks",0,0,NA,1,0.55,0,0,0,0,0,0,0,0,0,0,0,0,0,0,0,0,0,0,0,0,0,0,0,0,0,0,0,0,0,0,0,0
203,0,0,0,0,0,15,1,0,0,0,0,0,0,1,94,1,0,-4.605170186,0.01,10.10676791,NA,NA,NA,NA,51,51,0,0,0,0,0,1,0,2601,1,0,0,0,1,0,0,0,0,8220,0,0,0,0,0,0,0,0,1,0,0,0,0,1,0,0,0,0,0,0,0,0,0,52,25000,40,35,NA,1,1,1,1,1,0,0,0,40,0,51,no pay,15,1,NA,1,0.55,1,15,0,0,0,0,0,0,0,0,10,10,0,0,0,0,0,10,0,528.8461538,0,0,528.8461538,0,0,1,528.8461538,0,0,0,0,0
206,0,0,0,0,0,0,0,1,0,0,0,0,0,0,8014,1,1,11.27116794,78524.65566,8.979756147,0,0,0,1,22,22,0,0,1,0,1,0,1,484,0,1,0,0,0,1,0,0,0,5400,0,0,0,0,1,0,0,0,0,0,0,0,0,0,0,0,0,0,0,1,0,0,0,52,8100,20,13,2,1,4,1,0,0,0,0,1,20,0,51,"all pay, all weeks",0,0,NA,1,0.55,0,0,0,0,0,0,0,0,0,0,0,0,0,0,0,0,0,0,0,0,0,0,0,0,0,0,0,0,0,0,0,0
207,0,0,0,0,0,0,0,0.125,0,0,0,0,0,0,6688,0,1,11.27116794,78524.65566,11.1645582,NA,NA,NA,NA,46,46,0,1,1,0,0,1,0,2116,0,0,0,1,0,1,0,0,0,2000,0,1,0,0,0,0,0,0,0,0,0,0,0,0,0,0,0,0,0,1,0,0,0,45,72000,35,12,NA,3,3,1,0,0,0,0,0,35,1,43.5,"some pay, some weeks",0,0,0,1,0.55,0,0,0,0,0,0,0,0,0,0,0,0,0,0,0,0,0,0,0,0,0,0,0,0,0,0,0,0,0,0,0,0
208,0,0,0,0,0,0,1,0,0,0,0,0,0,0,31,0,0,NA,10000,9.190477178,NA,NA,NA,NA,22,22,0,0,0,0,1,0,1,484,0,1,0,0,0,1,0,0,0,710,1,0,0,0,0,0,0,0,0,0,0,0,0,0,0,0,0,1,0,0,0,0,0,52,10000,40,4,2,1,1,1,0,NA,NA,0,0,40,0,51,no pay,0,0,NA,1,0.55,0,0,0,0,0,0,0,0,0,0,0,0,0,0,0,0,0,0,0,0,0,0,0,0,0,0,0,0,0,0,0,0
210,0,0,0,0,0,0,0,1,0,0,0,0,0,0,51,0,1,10.69455457,44114.97509,10.69455457,NA,NA,NA,NA,33,33,0,0,1,0,0,1,0,1089,0,0,1,0,0,1,0,0,0,630,1,0,0,0,0,0,0,0,0,0,0,0,0,0,0,0,0,0,0,1,0,0,0,52,45000,60,18,NA,1,2,1,0,0,0,0,0,60,0,51,"all pay, all weeks",0,0,NA,1,0.55,0,0,0,0,0,0,0,1,0,0,0,0,0,0,0,0,0,0,0,0,0,0,0,0,0,0,0,0,0,0,0,0
217,0,0,0,0,0,45,0,0.375,0,0,0,0,0,1,4,1,1,11.49308227,98035.23864,NA,NA,NA,NA,NA,57,57,0,0,1,0,0,1,0,3249,0,0,0,0,0,1,0,0,0,6200,0,0,0,0,0,0,1,0,0,0,0,0,1,0,0,0,0,0,0,0,0,0,0,52,0,60,9,NA,1,6,1,0,0,0,0,0,60,0,51,"some pay, all weeks",45,1,NA,0,0.55,0,45,0,0,0,0,0,1,0,0,0,0,0,0,0,0,0,0,0,0,0,0,0,0,0,0,0,0,0,0,0,0
218,0,0,0,0,0,0,0,0,0,0,0,0,0,0,8322,1,1,12.62252702,303314.962,NA,NA,NA,NA,NA,79,79,0,0,1,0,0,1,0,6241,0,1,0,0,0,1,0,0,0,4760,0,0,0,1,0,0,0,0,0,0,0,0,0,0,1,0,0,0,0,0,0,0,0,48,0,30,8,NA,2,6,1,0,0,1,0,0,30,0,48.5,no pay,0,0,NA,0,0.55,0,0,0,0,0,0,0,1,0,0,0,0,0,0,0,0,0,0,0,0,0,0,0,0,0,0,0,0,0,0,0,0
219,0,0,0,0,0,0,0,0,0,0,0,0,0,0,5284,1,1,12.62252702,303314.962,9.526949415,0,0,0,1,62,62,0,0,1,0,0,0,1,3844,0,0,1,0,0,1,0,0,0,5120,0,0,0,0,1,0,0,0,0,0,0,0,0,0,0,0,0,0,1,0,0,0,0,42,14000,15,8,NA,3,1,1,0,0,1,0,0,15,0,43.5,no pay,0,0,NA,1,0.55,0,0,0,0,0,0,0,0,0,0,0,0,0,0,0,0,0,0,0,0,0,0,0,0,0,0,0,0,0,0,0,0
220,0,0,0,0,0,0,0,0,0,0,0,0,0,0,119,1,1,10.41425261,33331.31451,10.18372895,0,0,0,1,32,32,0,0,1,0,0,0,1,1024,0,0,0,1,0,1,0,0,0,2200,0,1,0,0,0,0,0,0,0,0,0,0,0,0,0,0,0,0,0,1,0,0,0,52,27000,50,20,2,1,2,1,0,0,0,0,0,50,0,51,no pay,0,0,NA,1,0.55,0,0,0,0,0,0,0,1,0,0,0,0,0,0,0,0,0,0,0,0,0,0,0,0,0,0,0,0,0,0,0,0
221,0,0,0,0,0,0,0,1,0,0,0,0,0,0,1465,1,1,10.41425261,33331.31451,8.833802234,NA,NA,NA,NA,33,33,0,0,1,0,0,1,0,1089,0,0,1,0,0,0,0,1,0,2910,0,1,0,0,0,0,0,0,0,0,0,0,0,0,0,0,0,0,1,0,0,0,0,52,7000,50,20,NA,1,7,1,0,0,0,0,0,50,0,51,"all pay, all weeks",0,0,NA,1,0.55,0,0,0,0,0,0,0,0,0,0,0,0,0,0,0,0,0,0,0,0,0,0,0,0,0,0,0,0,0,0,0,0
222,0,0,0,0,0,0,1,0,0,0,0,0,0,0,647,1,0,NA,7200,8.861973111,0,0,0,1,22,22,0,0,1,0,1,0,1,484,0,1,0,0,0,1,0,0,0,4720,0,0,0,1,0,0,0,0,0,0,0,0,0,0,1,0,0,0,0,0,0,0,0,52,7200,20,77,2,1,1,1,0,0,0,0,0,20,0,51,no pay,0,0,NA,1,0.55,0,0,0,0,0,0,0,0,0,0,0,0,0,0,0,0,0,0,0,0,0,0,0,0,0,0,0,0,0,0,0,0
223,5,0,0,0,0,0,1,1,1,0,0,0,0,0,6658,1,0,NA,9700,9.160017971,0,0,0,1,21,21,0,0,1,0,1,0,1,441,0,1,0,0,0,0,0,0,1,2340,0,1,0,0,0,0,0,0,0,0,0,0,0,0,0,0,0,0,0,0,1,0,0,17,9700,30,85,2,5,1,1,0,0,0,0,0,30,0,20,"all pay, all weeks",5,1,NA,1,0.55,0,0,0,0,0,0,5,1,0,0,0,0,0,0,0,0,0,0,0,0,570.5882353,570.5882353,0,0,0,0,0,0,0,0,0,0
224,0,0,0,0,0,113,1,0,0,0,0,0,0,1,5919,1,0,11.45224028,94111.94685,9.372798735,NA,NA,NA,NA,42,42,0,0,1,0,0,1,0,1764,0,0,0,0,0,1,0,0,0,5610,0,0,0,0,1,0,0,0,0,0,0,0,0,0,1,0,0,0,0,0,0,0,0,52,12000,40,8,NA,1,1,1,0,1,1,0,0,40,0,51,no pay,113,1,NA,1,0.55,1,113,0,0,0,0,0,0,0,0,108,108,0,0,0,0,0,108,0,2741.538462,0,0,2741.538462,0,0,1,2741.538462,0,0,0,0,0
226,0,0,0,0,0,45,0,1,0,0,0,0,0,1,860,1,0,11.45224028,94111.94685,9.978934539,0,1,0,0,42,42,0,0,1,0,0,0,1,1764,0,0,1,0,0,1,0,0,0,5240,0,0,0,0,1,0,0,0,0,0,0,0,0,0,0,0,0,0,1,0,0,0,0,52,22000,35,8,2,1,1,1,0,1,1,0,0,35,0,51,"all pay, all weeks",45,1,NA,1,0.55,0,45,0,0,0,0,0,1,0,0,0,0,0,0,0,0,0,0,0,0,3807.692308,3807.692308,0,0,0,0,0,0,0,0,0,0
228,0,0,0,0,0,90,0,1,0,0,0,0,0,1,145,0,1,12.83853464,376447.7874,12.83853464,NA,NA,NA,NA,57,57,0,0,0,0,0,1,0,3249,0,0,0,1,0,0,0,0,0,120,1,0,0,0,0,0,0,0,0,0,0,0,0,0,0,0,0,1,0,0,0,0,0,52,384000,65,14,NA,1,1,1,0,0,0,0,0,65,0,51,"all pay, all weeks",90,1,NA,1,0.55,0,90,0,0,0,0,0,0,0,0,0,0,0,0,0,0,0,0,0,0,132923.0769,132923.0769,0,0,0,0,0,0,0,0,0,0
230,0,0,0,0,0,0,0,1,0,0,0,0,0,0,80,1,1,10.92213272,55388.80205,9.80024275,0,0,0,1,25,25,0,0,0,0,1,0,1,625,0,1,0,0,0,0,0,0,1,5400,0,0,0,0,1,0,0,0,0,0,0,0,0,0,0,0,0,0,1,0,0,0,0,48,18400,20,20,2,2,1,1,0,0,0,0,0,20,0,48.5,"all pay, all weeks",0,0,NA,1,0.55,0,0,0,0,0,0,0,0,0,0,0,0,0,0,0,0,0,0,0,0,0,0,0,0,0,0,0,0,0,0,0,0
232,0,0,0,0,0,0,0,0,0,0,0,0,0,0,6,1,1,10.92213272,55388.80205,9.483146792,NA,NA,NA,NA,55,55,0,0,0,0,0,1,0,3025,1,0,0,0,0,0,0,0,1,1050,0,1,0,0,0,0,0,0,0,0,0,0,0,0,0,0,0,0,1,0,0,0,0,40,13400,12,11,NA,3,1,2,0,0,0,0,0,12,0,43.5,no pay,0,0,NA,1,0.55,0,0,0,0,0,0,0,1,0,0,0,0,0,0,0,0,0,0,0,0,0,0,0,0,0,0,0,0,0,0,0,0
233,0,0,10,0,0,0,0,0,0,0,1,0,0,0,8,1,1,10.92213272,55388.80205,10.0491388,0,0,0,1,49,49,0,0,0,0,0,0,1,2401,1,0,0,0,0,0,0,0,1,9120,0,0,0,0,0,0,0,0,0,1,0,0,0,0,0,1,0,0,0,0,0,0,0,40,23600,27,11,2,3,1,1,0,0,0,0,0,27,0,43.5,no pay,10,1,NA,1,0.55,0,0,0,0,10,0,0,1,1,0,0,0,0,0,0,0,0,0,0,0,0,0,0,0,0,0,0,0,0,0,0,0
234,0,0,0,0,0,0,0,1,0,0,0,0,0,0,1392,1,1,11.42049158,91170.94851,10.14598862,0,0,0,1,27,27,0,0,1,0,1,0,1,729,0,1,0,0,0,1,0,0,0,5700,0,0,0,0,1,0,0,0,0,0,0,0,0,0,0,0,0,0,0,1,0,0,0,52,26000,40,15,2,1,1,1,0,0,1,0,0,40,0,51,"all pay, all weeks",0,0,NA,1,0.55,0,0,0,0,0,0,0,0,0,0,0,0,0,0,0,0,0,0,0,0,0,0,0,0,0,0,0,0,0,0,0,0
235,0,0,0,0,0,135,1,1,0,0,0,0,0,1,5824,0,1,11.42049158,91170.94851,10.93094335,NA,NA,NA,NA,65,65,0,0,1,0,0,1,0,4225,0,0,1,0,0,1,0,0,0,800,1,0,0,0,0,0,0,0,0,0,0,0,0,0,0,0,0,1,0,0,0,0,0,52,57000,40,12,NA,1,1,1,0,0,1,0,0,40,0,51,"all pay, all weeks",135,1,NA,1,0.55,0,135,0,0,0,0,0,0,0,0,0,0,0,0,0,0,0,0,0,0,29596.15385,29596.15385,0,0,0,0,0,0,0,0,0,0
236,0,0,0,0,0,0,0,0,0,0,0,0,0,0,2907,1,1,11.42049158,91170.94851,9.190477178,0,0,0,1,61,61,0,0,1,0,0,0,1,3721,0,1,0,0,0,1,0,0,0,5700,0,0,0,0,1,0,0,0,0,0,0,0,0,0,0,1,0,0,0,0,0,0,0,52,10000,10,12,NA,1,1,2,0,0,1,0,0,10,0,51,no pay,0,0,NA,1,0.55,0,0,0,0,0,0,0,0,0,0,0,0,0,0,0,0,0,0,0,0,0,0,0,0,0,0,0,0,0,0,0,0
238,0,0,0,0,0,0,0,1,0,0,0,0,0,0,4,1,1,11.13638733,68623.29458,10.69455457,NA,NA,NA,NA,50,50,0,0,1,0,0,1,0,2500,0,0,0,0,0,1,0,0,0,6440,0,0,0,0,0,0,1,0,0,0,0,0,1,0,0,0,0,0,0,0,0,0,0,35,45000,40,12,NA,4,1,1,0,0,0,0,0,40,0,33,"all pay, all weeks",0,0,NA,1,0.55,0,0,0,0,0,0,0,0,0,0,0,0,0,0,0,0,0,0,0,0,0,0,0,0,0,0,0,0,0,0,0,0
239,0,0,0,0,0,0,0,0,0,0,0,0,0,0,222,1,1,11.13638733,68623.29458,10.10676791,0,0,0,1,55,55,0,0,1,0,0,0,1,3025,0,0,0,0,0,1,0,0,0,9120,0,0,0,0,0,0,0,0,0,1,0,0,0,0,0,0,0,0,0,1,0,0,0,52,25000,42,11,NA,1,3,1,0,0,0,0,0,42,1,51,no pay,0,0,NA,1,0.55,0,0,0,0,0,0,0,1,0,0,0,0,0,0,0,0,0,0,0,0,0,0,0,0,0,0,0,0,0,0,0,0
241,0,0,0,0,0,55,1,1,0,0,0,0,0,1,63,0,0,10.31540678,30194.24962,8.759694262,0,1,0,0,52,52,0,1,0,0,0,0,1,2704,0,0,1,0,0,1,0,0,0,4760,0,0,0,1,0,0,0,0,0,0,0,0,0,0,1,0,0,0,0,0,0,0,0,25,6500,38,22,NA,5,1,1,0,1,0,0,0,38,0,20,"all pay, all weeks",55,1,NA,1,0.55,0,55,0,0,0,0,0,1,0,0,0,0,0,0,0,0,0,0,0,0,2860,2860,0,0,0,0,0,0,0,0,0,0
243,0,0,0,0,0,113,1,0,0,0,0,0,0,1,8,1,0,11.38770176,88229.95018,10.69455457,NA,NA,NA,NA,42,42,0,0,1,0,0,1,0,1764,0,0,0,0,0,1,0,0,0,6050,0,0,0,0,0,1,0,0,0,0,1,0,0,0,0,0,0,0,0,0,0,0,0,52,45000,50,13,NA,1,1,1,0,2,0,0,0,50,0,51,no pay,113,1,NA,1,0.55,1,113,0,0,0,0,0,1,1,0,108,108,0,0,0,0,0,108,0,10280.76923,0,0,10280.76923,0,0,1,10280.76923,0,0,0,0,0
246,0,0,0,0,0,68,1,0,0,0,0,0,0,1,762,1,0,11.38770176,88229.95018,10.57677154,0,1,0,0,40,40,0,0,1,0,0,0,1,1600,0,0,0,0,0,1,0,0,0,3910,0,0,1,0,0,0,0,0,0,0,0,0,0,0,0,0,0,1,0,0,0,0,0,52,40000,45,13,2,1,1,1,0,2,0,0,0,45,0,51,no pay,68,1,NA,1,0.55,1,68,0,0,0,0,0,0,0,0,63,63,0,0,0,0,0,63,0,5330.769231,0,0,5330.769231,0,0,1,5330.769231,0,0,0,0,0
247,0,0,0,0,0,135,1,1,0,0,0,0,0,1,7068,1,0,NA,30000,10.28908947,0,0,0,1,60,60,0,1,1,0,0,0,1,3600,0,0,0,0,0,1,0,0,0,3600,0,0,1,0,0,0,0,0,0,0,0,0,0,0,0,0,0,0,0,1,0,0,0,52,30000,37,11,NA,1,2,1,0,0,0,0,0,37,0,51,"all pay, all weeks",135,1,NA,1,0.55,0,135,0,0,0,0,0,1,0,0,0,0,0,0,0,0,0,0,0,0,15576.92308,15576.92308,0,0,0,0,0,0,0,0,0,0
249,0,0,0,0,0,30,0,0.375,0,0,0,0,0,1,13,0,1,10.88057299,53134.03666,10.49881,NA,NA,NA,NA,60,60,0,0,0,0,0,1,0,3600,0,0,0,0,0,1,0,0,0,4220,0,0,1,0,0,0,0,0,0,0,0,0,0,0,0,0,0,0,0,1,0,0,0,44,37000,30,10,NA,3,3,1,0,0,0,0,0,30,1,43.5,"some pay, all weeks",30,1,NA,1,0.55,0,30,0,0,0,0,0,0,0,0,0,0,0,0,0,0,0,0,0,0,1892.045455,1892.045455,0,0,0,0,0,0,0,0,0,0
250,0,0,0,0,0,0,0,0,0,0,0,0,0,0,4,1,1,10.88057299,53134.03666,8.992026239,0,0,0,1,59,59,0,0,0,0,0,0,1,3481,0,1,0,0,0,1,0,0,0,4700,0,0,0,1,0,0,0,0,0,0,0,0,0,0,1,0,0,0,0,0,0,0,0,32,8200,40,9,NA,4,1,1,0,0,0,0,0,40,0,33,no pay,0,0,NA,1,0.55,0,0,0,0,0,0,0,0,0,0,0,0,0,0,0,0,0,0,0,0,0,0,0,0,0,0,0,0,0,0,0,0
253,0,0,0,0,0,68,0,1,0,0,0,0,0,1,120,0,0,10.10676791,24508.31949,10.10676791,0,1,0,0,46,46,0,0,0,1,0,0,1,2116,0,0,1,0,0,1,0,0,0,2710,0,1,0,0,0,0,0,0,0,0,0,0,0,0,0,0,1,0,0,0,0,0,0,52,25000,35,14,2,1,2,1,0,2,0,0,0,35,0,51,"all pay, all weeks",68,1,NA,1,0.55,0,68,0,0,0,0,0,0,0,0,0,0,0,0,0,0,0,0,0,0,6538.461538,6538.461538,0,0,0,0,0,0,0,0,0,0
259,0,0,0,0,0,68,1,1,0,0,0,0,0,1,7,1,1,10.18540327,26513.33969,9.587666274,0,0,0,1,61,61,0,0,0,0,1,0,1,3721,1,0,0,0,0,1,0,0,0,8810,0,0,0,0,0,0,0,0,1,0,0,0,0,1,0,0,0,0,0,0,0,0,0,52,15000,30,31,NA,1,1,1,0,0,0,0,0,30,0,51,"all pay, all weeks",68,1,NA,1,0.55,0,68,0,0,0,0,0,1,0,0,0,0,0,0,0,0,0,0,0,0,3923.076923,3923.076923,0,0,0,0,0,0,0,0,0,0
260,0,0,0,0,0,0,0,0,0,0,0,0,0,0,176,1,0,NA,10800,9.259162207,NA,NA,NA,NA,69,69,0,0,0,0,1,0,1,4761,0,0,0,0,1,0,0,0,0,8965,0,0,0,0,0,0,0,0,1,0,0,0,0,0,0,0,0,0,0,1,0,0,0,52,10800,30,19,NA,1,2,1,0,NA,NA,0,0,30,0,51,no pay,0,0,NA,1,0.55,0,0,0,0,0,0,0,0,0,0,0,0,0,0,0,0,0,0,0,0,0,0,0,0,0,0,0,0,0,0,0,0
261,0,0,0,0,0,45,0,1,0,0,0,0,0,1,454,1,0,NA,0,NA,NA,NA,NA,NA,58,58,0,1,0,0,0,1,0,3364,0,1,0,0,0,1,0,0,0,9120,0,0,0,0,0,0,0,0,0,1,0,0,0,0,0,1,0,0,0,0,0,0,0,32,0,15,7,NA,4,6,1,0,0,0,0,0,15,0,33,"all pay, all weeks",45,1,NA,0,0.55,0,45,0,0,0,0,0,0,0,0,0,0,0,0,0,0,0,0,0,0,0,0,0,0,0,0,0,0,0,0,0,0
263,0,0,0,0,0,0,0,1,0,0,0,0,0,0,5254,1,1,13.06993148,474459.4708,12.82765106,NA,NA,NA,NA,59,59,0,0,1,0,0,1,0,3481,0,0,0,1,0,1,0,0,0,2100,0,1,0,0,0,0,0,0,0,0,0,0,0,0,0,0,0,1,0,0,0,0,0,52,383000,40,5,NA,1,1,1,0,0,0,0,0,40,0,51,"all pay, all weeks",0,0,NA,1,0.55,0,0,0,0,0,0,0,1,0,0,0,0,0,0,0,0,0,0,0,0,0,0,0,0,0,0,0,0,0,0,0,0
264,0,0,10,0,0,0,0,1,0,0,1,0,0,0,63,1,1,13.06993148,474459.4708,10.88694926,0,0,0,1,58,58,0,0,1,0,0,0,1,3364,0,0,0,1,0,1,0,0,0,2200,0,1,0,0,0,0,0,0,0,0,0,0,0,0,0,0,0,0,0,1,0,0,0,52,55000,25,6,NA,1,4,1,0,0,0,0,1,25,0,51,"all pay, all weeks",10,1,NA,1,0.55,0,0,0,0,10,0,0,0,0,0,0,0,0,0,0,0,0,0,0,0,2115.384615,2115.384615,0,0,0,0,0,0,0,0,0,0
265,90,0,0,0,0,0,1,1,1,0,0,0,0,0,7216,0,0,NA,104000,11.52400697,NA,NA,NA,NA,35,35,0,0,1,0,0,1,0,1225,0,0,1,0,0,1,0,0,0,50,1,0,0,0,0,0,0,0,0,0,0,0,0,1,0,0,0,0,0,0,0,0,0,52,104000,45,12,NA,1,1,1,0,0,0,0,0,45,0,51,"all pay, all weeks",90,1,NA,1,0.55,0,0,0,0,0,0,90,1,0,0,0,0,0,0,0,0,0,0,0,0,36000,36000,0,0,0,0,0,0,0,0,0,0
266,0,0,0,0,0,0,1,1,0,0,0,0,0,0,29,0,0,NA,25000,10.0984919,0,0,0,1,30,30,0,0,1,0,0,0,1,900,0,0,1,0,0,0,0,0,1,5240,0,0,0,0,1,0,0,0,0,0,0,0,0,0,1,0,0,0,0,0,0,0,0,52,25000,40,19,2,1,1,1,1,0,0,0,0,40,0,51,"all pay, all weeks",0,0,NA,1,0.55,0,0,0,0,0,0,0,1,0,0,0,0,0,0,0,0,0,0,0,0,0,0,0,0,0,0,0,0,0,0,0,0
267,5,0,0,0,0,0,1,1,1,0,0,0,0,0,374,0,0,NA,45000,10.68627856,NA,NA,NA,NA,32,32,0,0,1,0,0,1,0,1024,0,0,1,0,0,1,0,0,0,710,1,0,0,0,0,0,0,0,0,0,0,0,0,0,1,0,0,0,0,0,0,0,0,50,45000,40,37,NA,1,1,1,1,0,0,0,0,40,0,51,"all pay, all weeks",5,1,NA,1,0.55,0,0,0,0,0,0,5,0,0,0,0,0,0,0,0,0,0,0,0,0,900,900,0,0,0,0,0,0,0,0,0,0
269,0,0,0,0,0,0,1,1,0,0,0,0,0,0,5,1,0,NA,73000,11.17007551,0,0,0,1,50,50,0,0,1,0,0,0,1,2500,0,1,0,0,0,1,0,0,0,3255,0,1,0,0,0,0,0,0,0,0,0,0,0,0,0,0,0,0,0,1,0,0,0,52,73000,40,12,2,1,2,1,1,0,0,0,0,40,0,51,"all pay, all weeks",0,0,NA,1,0.55,0,0,0,0,0,0,0,1,0,0,0,0,0,0,0,0,0,0,0,0,0,0,0,0,0,0,0,0,0,0,0,0
270,0,0,0,0,0,55,1,0,0,0,0,0,0,1,76,1,0,NA,24800,10.09045973,NA,NA,NA,NA,54,54,0,0,1,0,0,1,0,2916,0,1,0,0,0,1,0,0,0,6100,0,0,0,0,0,1,0,0,0,0,1,0,0,0,0,0,0,0,0,0,0,0,0,52,24800,45,15,NA,1,7,1,1,0,0,0,0,45,0,51,no pay,55,1,NA,1,0.55,1,55,0,0,0,0,0,0,0,0,50,50,0,0,0,0,0,50,0,2623.076923,0,0,2623.076923,0,0,1,2623.076923,0,0,0,0,0
274,0,0,0,0,0,0,1,1,0,0,0,0,0,0,7398,0,0,10.75081708,46668.14466,10.75081708,NA,NA,NA,NA,36,36,0,0,1,0,0,1,0,1296,0,1,0,0,0,1,0,0,0,1107,0,1,0,0,0,0,0,0,0,0,0,0,0,0,0,0,0,0,0,1,0,0,0,52,48000,40,13,NA,1,2,1,1,1,0,0,0,40,0,51,"all pay, all weeks",0,0,NA,1,0.55,0,0,0,0,0,0,0,1,0,0,0,0,0,0,0,0,0,0,0,0,0,0,0,0,0,0,0,0,0,0,0,0
275,0,0,0,0,0,0,1,0.125,0,0,0,0,0,0,4548,1,0,10.75081708,46668.14466,10.68627856,0,0,0,1,30,30,0,0,1,0,0,0,1,900,0,1,0,0,0,1,0,0,0,3255,0,1,0,0,0,0,0,0,0,0,0,0,0,0,0,0,0,0,0,1,0,0,0,52,45000,30,15,2,1,2,1,1,1,0,0,0,30,0,51,"some pay, some weeks",0,0,0,1,0.55,0,0,0,0,0,0,0,0,0,0,0,0,0,0,0,0,0,0,0,0,0,0,0,0,0,0,0,0,0,0,0,0
277,0,0,0,0,0,0,1,1,0,0,0,0,0,0,80,0,0,11.762418,128337.3978,11.09912378,NA,NA,NA,NA,39,39,0,0,1,0,0,1,0,1521,0,0,1,0,0,1,0,0,0,1105,0,1,0,0,0,0,0,0,0,0,0,0,0,0,0,0,0,0,0,1,0,0,0,52,68000,35,14,NA,1,4,1,0,2,0,0,1,35,0,51,"all pay, all weeks",0,0,NA,1,0.55,0,0,0,0,0,0,0,0,0,0,0,0,0,0,0,0,0,0,0,0,0,0,0,0,0,0,0,0,0,0,0,0
279,5,0,0,0,0,0,0,0.875,1,0,0,0,0,0,3747,1,0,11.762418,128337.3978,11.03849916,0,0,1,0,37,37,0,0,1,0,0,0,1,1369,0,0,1,0,0,1,0,0,0,430,1,0,0,0,0,0,0,0,0,0,0,0,0,0,0,0,1,0,0,0,0,0,0,52,64000,40,13,2,1,2,1,0,2,0,0,0,40,0,51,"some pay, all weeks",5,1,NA,1,0.55,0,0,0,0,0,0,5,0,0,0,0,0,0,0,0,0,0,0,0,0,1076.923077,1076.923077,0,0,0,0,0,0,0,0,0,0
280,0,0,0,0,0,0,0,0,0,0,0,0,0,0,5884,1,0,NA,51000,10.81144171,0,0,0,1,59,59,0,1,1,0,0,0,1,3481,0,1,0,0,0,1,0,0,0,5700,0,0,0,0,1,0,0,0,0,0,0,0,0,0,0,0,0,0,0,1,0,0,0,52,51000,40,20,NA,1,2,1,0,0,0,0,0,40,0,51,no pay,0,0,NA,1,0.55,0,0,0,0,0,0,0,0,0,0,0,0,0,0,0,0,0,0,0,0,0,0,0,0,0,0,0,0,0,0,0,0
281,0,0,0,0,0,45,0,1,0,0,0,0,0,1,3788,0,1,11.58009644,106947.8315,11.26164271,0,0,0,1,53,53,0,0,1,0,0,0,1,2809,0,0,0,1,0,1,0,0,0,2310,0,1,0,0,0,0,0,0,0,0,0,0,0,0,0,0,0,0,0,1,0,0,0,52,80000,35,15,NA,1,3,1,0,0,0,0,0,35,1,51,"all pay, all weeks",45,1,NA,1,0.55,0,45,0,0,0,0,0,0,0,0,0,0,0,0,0,0,0,0,0,0,13846.15385,13846.15385,0,0,0,0,0,0,0,0,0,0
283,0,0,0,0,0,68,1,0,0,0,0,0,0,1,205,1,1,11.58009644,106947.8315,9.769987831,NA,NA,NA,NA,57,57,0,0,1,0,0,1,0,3249,0,1,0,0,0,1,0,0,0,4220,0,0,1,0,0,0,0,0,0,0,0,0,0,0,0,0,0,0,0,1,0,0,0,39,18000,37,14,NA,4,3,1,0,0,0,0,0,37,1,33,no pay,68,1,NA,1,0.55,1,68,0,0,0,0,0,0,0,0,63,63,0,0,0,0,0,63,0,3198.461538,0,0,3198.461538,0,0,1,3198.461538,0,0,0,0,0
284,0,0,0,0,0,0,1,1,0,0,0,0,0,0,7612,0,0,NA,56000,10.90496776,0,0,0,1,40,40,0,0,1,0,1,0,1,1600,0,0,1,0,0,0,0,0,1,740,1,0,0,0,0,0,0,0,0,0,0,0,0,0,0,0,0,0,0,0,0,0,1,52,56000,40,18,2,1,5,1,0,0,0,1,0,40,0,51,"all pay, all weeks",0,0,NA,1,0.55,0,0,0,0,0,0,0,0,0,0,0,0,0,0,0,0,0,0,0,0,0,0,0,0,0,0,0,0,0,0,0,0
286,0,0,0,0,0,0,0,0.625,0,0,0,0,0,0,1702,0,1,11.7080898,121551.0718,11.48478626,NA,NA,NA,NA,55,55,0,0,1,0,0,1,0,3025,0,0,0,0,0,1,0,0,0,1550,0,1,0,0,0,0,0,0,0,0,0,0,0,0,0,0,0,1,0,0,0,0,0,52,100000,40,12,NA,1,1,1,0,0,0,0,0,40,0,51,"some pay, all weeks",0,0,NA,1,0.55,0,0,0,0,0,0,0,0,0,0,0,0,0,0,0,0,0,0,0,0,0,0,0,0,0,0,0,0,0,0,0,0
288,0,0,0,0,10,0,1,1,0,0,0,0,1,0,127,1,1,11.7080898,121551.0718,9.970658526,0,0,0,1,46,46,0,0,1,0,0,0,1,2116,0,0,0,0,0,0,0,0,1,4220,0,0,1,0,0,0,0,0,0,0,0,0,0,0,0,0,0,0,1,0,0,0,0,52,22000,40,13,1,1,1,1,0,0,0,0,0,40,0,51,"all pay, all weeks",10,1,NA,1,0.55,0,0,10,0,0,0,0,1,0,0,0,0,0,0,0,0,0,0,0,0,846.1538462,846.1538462,0,0,0,0,0,0,0,0,0,0
290,0,0,0,0,0,35,1,1,0,0,0,0,0,1,47,0,1,12.90499884,402318.2971,NA,0,0,0,1,68,68,0,1,1,0,0,0,1,4624,0,1,0,0,0,1,0,0,0,4760,0,0,0,1,0,0,0,0,0,0,0,0,0,0,1,0,0,0,0,0,0,0,0,50,0,30,14,NA,1,6,1,0,0,1,0,0,30,0,51,"all pay, all weeks",35,1,NA,0,0.55,0,35,0,0,0,0,0,1,0,0,0,0,0,0,0,0,0,0,0,0,0,0,0,0,0,0,0,0,0,0,0,0
291,0,0,0,0,0,0,0,0.125,0,0,0,0,0,0,1089,0,1,12.90499884,402318.2971,12.82765106,NA,NA,NA,NA,35,35,0,0,1,0,0,1,0,1225,0,0,1,0,0,1,0,0,0,850,1,0,0,0,0,0,0,0,0,0,0,0,0,0,0,0,0,1,0,0,0,0,0,51,383000,40,12,NA,1,1,1,0,0,1,0,0,40,0,51,"some pay, all weeks",0,0,NA,1,0.55,0,0,0,0,0,0,0,1,0,0,0,0,0,0,0,0,0,0,0,0,0,0,0,0,0,0,0,0,0,0,0,0
294,0,0,0,0,0,0,0,0,0,0,0,0,0,0,18,1,1,10.84990799,51529.40973,10.0576699,NA,NA,NA,NA,23,23,0,0,0,0,1,1,0,529,0,1,0,0,0,0,0,1,0,4020,0,0,1,0,0,0,0,0,0,0,0,0,0,0,0,0,0,0,0,0,1,0,0,52,24000,40,36,NA,1,1,1,0,0,0,0,0,40,0,51,no pay,0,0,NA,1,0.55,0,0,0,0,0,0,0,0,0,0,0,0,0,0,0,0,0,0,0,0,0,0,0,0,0,0,0,0,0,0,0,0
295,0,0,0,0,0,0,0,0,0,0,0,0,0,0,16,1,1,10.84990799,51529.40973,9.364522723,0,0,0,1,21,21,0,0,0,0,1,0,1,441,1,0,0,0,0,0,0,1,0,4060,0,0,1,0,0,0,0,0,0,0,0,0,0,0,0,0,0,0,0,0,1,0,0,52,12000,24,34,2,1,1,1,0,0,0,0,0,24,0,51,no pay,0,0,NA,1,0.55,0,0,0,0,0,0,0,0,0,0,0,0,0,0,0,0,0,0,0,0,0,0,0,0,0,0,0,0,0,0,0,0
296,0,0,0,0,0,270,1,0,0,0,0,0,0,1,23,1,1,10.84990799,51529.40973,9.712829417,0,0,0,1,54,54,0,0,0,0,1,0,1,2916,1,0,0,0,0,0,0,1,0,7800,0,0,0,0,0,0,0,0,1,0,0,0,0,0,0,0,0,0,0,0,1,0,0,52,17000,35,30,NA,1,1,1,0,0,0,0,0,35,0,51,no pay,270,1,NA,1,0.55,1,270,0,0,0,0,0,0,0,0,260,260,0,0,0,0,0,260,0,9350,0,0,9350,0,0,1,9350,0,0,0,0,0
298,0,0,0,0,0,0,1,1,0,0,0,0,0,0,8926,0,1,10.58535264,39551.2526,7.467402738,NA,NA,NA,NA,27,27,0,0,1,0,1,1,0,729,0,0,1,0,0,1,0,0,0,1920,0,1,0,0,0,0,0,0,0,0,0,0,0,1,0,0,0,0,0,0,0,0,0,5,1800,40,12,NA,6,1,1,0,0,0,0,0,40,0,7.5,"all pay, all weeks",0,0,NA,1,0.55,0,0,0,0,0,0,0,1,0,0,0,0,0,0,0,0,0,0,0,0,0,0,0,0,0,0,0,0,0,0,0,0
299,0,0,0,0,0,0,0,1,0,0,0,0,0,0,8,0,1,10.58535264,39551.2526,9.44456543,NA,NA,NA,NA,56,56,0,0,0,0,0,1,0,3136,0,0,0,1,0,1,0,0,0,5240,0,0,0,0,1,0,0,0,0,0,0,0,0,0,0,0,0,1,0,0,0,0,0,12,13000,40,12,NA,6,1,1,0,0,0,0,0,40,0,7.5,"all pay, all weeks",0,0,NA,1,0.55,0,0,0,0,0,0,0,0,0,0,0,0,0,0,0,0,0,0,0,0,0,0,0,0,0,0,0,0,0,0,0,0
300,0,0,0,0,0,135,0,0,0,0,0,0,0,1,75,0,1,10.58535264,39551.2526,9.405344717,0,0,0,1,57,57,0,0,0,0,0,0,1,3249,0,0,1,0,0,1,0,0,0,5330,0,0,0,0,1,0,0,0,0,0,0,0,0,0,0,0,0,1,0,0,0,0,0,26,12500,25,11,NA,5,1,1,0,0,0,0,0,25,0,20,no pay,135,1,NA,1,0.55,0,135,0,0,0,0,0,0,0,0,0,0,0,0,0,0,0,0,0,0,0,0,0,0,0,0,0,0,0,0,0,0
301,0,0,0,0,0,0,0,0,0,0,0,0,0,0,3886,1,0,NA,4500,8.38369347,NA,NA,NA,NA,21,21,0,0,1,0,1,0,1,441,0,0,1,0,0,0,0,0,1,2910,0,1,0,0,0,0,0,0,0,0,0,0,0,0,0,0,0,0,0,1,0,0,0,35,4500,10,15,2,4,1,1,0,NA,NA,0,0,10,0,33,no pay,0,0,NA,1,0.55,0,0,0,0,0,0,0,0,0,0,0,0,0,0,0,0,0,0,0,0,0,0,0,0,0,0,0,0,0,0,0,0
305,0,0,0,0,0,10,0,0,0,0,0,0,0,1,11,1,0,10.0576699,23334.07233,10.0576699,0,0,1,0,30,30,0,0,0,0,1,0,1,900,1,0,0,0,0,0,0,0,1,4230,0,0,1,0,0,0,0,0,0,0,0,0,0,1,0,0,0,0,0,0,0,0,0,52,24000,40,33,2,1,1,1,0,3,0,0,0,40,0,51,no pay,10,1,NA,1,0.55,1,10,0,0,0,0,0,0,0,0,5,5,0,0,0,0,0,5,0,253.8461538,0,0,253.8461538,0,0,1,253.8461538,0,0,0,0,0
308,0,0,0,0,0,113,0,0.375,0,0,0,0,0,1,8141,0,1,11.34322269,84391.5616,10.34535198,0,0,0,1,55,55,0,0,1,0,0,0,1,3025,0,1,0,0,0,1,0,0,0,5700,0,0,0,0,1,0,0,0,0,0,0,0,0,0,0,0,0,0,0,1,0,0,0,52,32000,35,8,NA,1,3,1,0,0,0,0,0,35,1,51,"some pay, some weeks",113,1,69,1,0.55,0,113,0,0,0,0,0,0,0,0,0,0,0,0,0,0,0,0,0,0,5215.384615,5215.384615,0,0,0,0,0,0,0,0,0,0
309,0,0,0,0,0,23,1,1,0,0,0,0,0,1,3,1,1,11.34322269,84391.5616,10.79163908,NA,NA,NA,NA,50,50,0,0,1,0,0,1,0,2500,0,1,0,0,0,1,0,0,0,4220,0,0,1,0,0,0,0,0,0,0,0,0,0,0,0,0,0,0,0,1,0,0,0,52,50000,40,9,NA,1,2,1,0,0,0,0,0,40,0,51,"all pay, all weeks",23,1,NA,1,0.55,0,23,0,0,0,0,0,0,0,0,0,0,0,0,0,0,0,0,0,0,4423.076923,4423.076923,0,0,0,0,0,0,0,0,0,0
310,0,0,0,0,0,0,1,1,0,0,0,0,0,0,72,1,1,11.34322269,84391.5616,8.314700598,NA,NA,NA,NA,23,23,0,0,1,0,1,1,0,529,0,0,1,0,0,1,0,0,0,4020,0,0,1,0,0,0,0,0,0,0,0,0,0,0,0,0,0,0,0,0,1,0,0,52,4200,12,9,NA,1,1,1,0,0,0,0,0,12,0,51,"all pay, all weeks",0,0,NA,1,0.55,0,0,0,0,0,0,0,0,0,0,0,0,0,0,0,0,0,0,0,0,0,0,0,0,0,0,0,0,0,0,0,0
311,0,0,0,0,0,0,1,1,0,0,0,0,0,0,9907,0,0,NA,85000,11.32226733,NA,NA,NA,NA,35,35,0,0,1,0,1,1,0,1225,0,1,0,0,0,1,0,0,0,3255,0,1,0,0,0,0,0,0,0,0,0,0,0,0,0,0,0,0,0,1,0,0,0,52,85000,40,21,NA,1,1,1,0,0,0,0,0,40,0,51,"all pay, all weeks",0,0,NA,1,0.55,0,0,0,0,0,0,0,0,0,0,0,0,0,0,0,0,0,0,0,0,0,0,0,0,0,0,0,0,0,0,0,0
312,0,0,0,0,0,0,0,1,0,0,0,0,0,0,2,1,1,11.30326438,81085.90136,10.17545294,NA,NA,NA,NA,66,66,0,0,0,0,0,1,0,4356,0,1,0,0,0,0,1,0,0,430,1,0,0,0,0,0,0,0,0,0,0,0,0,0,0,0,0,0,0,0,0,1,0,52,27000,40,18,NA,1,1,1,0,0,1,0,0,40,0,51,"all pay, all weeks",0,0,NA,1,0.55,0,0,0,0,0,0,0,1,0,0,0,0,0,0,0,0,0,0,0,0,0,0,0,0,0,0,0,0,0,0,0,0
313,0,0,5,0,0,0,0,0,0,0,1,0,0,0,32,1,1,11.30326438,81085.90136,10.51192518,0,0,0,1,60,60,0,0,1,0,0,0,1,3600,1,0,0,0,0,0,1,0,0,8320,0,0,0,0,0,0,0,0,1,0,0,0,0,0,0,0,0,0,0,0,0,1,0,52,37800,40,21,NA,1,1,1,0,0,1,0,0,40,0,51,no pay,5,1,NA,1,0.55,0,0,0,0,5,0,0,0,0,0,0,0,0,0,0,0,0,0,0,0,0,0,0,0,0,0,0,0,0,0,0,0
315,0,0,0,0,0,0,1,1,0,0,0,0,0,0,3,0,0,11.50458889,99169.80741,NA,NA,NA,NA,NA,38,38,0,0,1,0,0,1,0,1444,0,0,0,1,0,1,0,0,0,2600,0,1,0,0,0,0,0,0,0,0,0,0,0,0,0,0,0,0,0,0,1,0,0,52,0,35,9,NA,1,6,1,0,2,0,0,0,35,0,51,"all pay, all weeks",0,0,NA,0,0.55,0,0,0,0,0,0,0,0,0,0,0,0,0,0,0,0,0,0,0,0,0,0,0,0,0,0,0,0,0,0,0,0
317,0,0,0,0,0,0,0,1,0,0,0,0,0,0,5533,0,0,11.50458889,99169.80741,11.46458355,1,0,0,0,37,37,0,0,1,0,0,0,1,1369,0,0,0,1,0,1,0,0,0,230,1,0,0,0,0,0,0,0,0,0,0,0,0,0,0,0,0,0,0,1,0,0,0,52,98000,50,8,2,1,3,1,0,2,0,0,0,50,1,51,"all pay, all weeks",0,0,NA,1,0.55,0,0,0,0,0,0,0,0,0,0,0,0,0,0,0,0,0,0,0,0,0,0,0,0,0,0,0,0,0,0,0,0
318,0,0,0,0,0,30,1,1,0,0,0,0,0,1,438,0,1,11.69766108,120290.0373,10.74455638,NA,NA,NA,NA,46,46,0,0,1,0,0,1,0,2116,0,1,0,0,0,1,0,0,0,1050,0,1,0,0,0,0,0,0,0,0,0,0,0,0,0,0,0,0,0,1,0,0,0,52,48000,40,27,NA,1,3,1,0,0,0,0,0,40,1,51,"all pay, all weeks",30,1,NA,1,0.55,0,30,0,0,0,0,0,0,0,0,0,0,0,0,0,0,0,0,0,0,5538.461538,5538.461538,0,0,0,0,0,0,0,0,0,0
319,0,0,0,0,0,0,0,0,0,0,0,0,0,0,5297,0,1,11.69766108,120290.0373,11.19084348,0,0,0,1,45,45,0,0,1,0,0,0,1,2025,0,0,0,1,0,1,0,0,0,2310,0,1,0,0,0,0,0,0,0,0,0,0,0,0,0,0,0,0,0,1,0,0,0,52,75000,40,25,2,1,3,1,0,0,0,0,0,40,1,51,no pay,0,0,NA,1,0.55,0,0,0,0,0,0,0,0,0,0,0,0,0,0,0,0,0,0,0,0,0,0,0,0,0,0,0,0,0,0,0,0
320,0,0,0,36,0,0,1,1,0,0,0,1,0,0,5892,1,0,11.36423641,86183.70545,8.760425016,0,1,0,0,54,54,0,0,1,0,0,0,1,2916,0,1,0,0,0,1,0,0,0,4760,0,0,0,1,0,0,0,0,0,0,0,0,0,0,1,0,0,0,0,0,0,0,0,40,6600,16,10,NA,3,1,1,0,1,0,0,0,16,0,43.5,"all pay, all weeks",36,1,NA,1,0.55,0,0,0,36,0,0,0,0,0,0,0,0,0,0,0,0,0,0,0,0,1188,1188,0,0,0,0,0,0,0,0,0,0
322,0,0,0,0,10,0,1,1,0,0,0,0,1,0,5879,1,0,11.36423641,86183.70545,11.19084348,NA,NA,NA,NA,59,59,0,0,1,0,0,1,0,3481,0,0,0,0,0,1,0,0,0,4320,0,0,1,0,0,0,0,0,0,0,0,0,0,0,0,0,0,0,0,0,1,0,0,52,75000,50,12,NA,1,1,1,0,1,0,0,0,50,0,51,"all pay, all weeks",10,1,NA,1,0.55,0,0,10,0,0,0,0,1,0,0,0,0,0,0,0,0,0,0,0,0,2884.615385,2884.615385,0,0,0,0,0,0,0,0,0,0
324,0,0,0,0,0,0,0,0.625,0,0,0,0,0,0,203,1,1,10.90049118,54202.98067,10.657545,NA,NA,NA,NA,53,53,0,0,1,0,0,1,0,2809,0,0,0,0,0,1,0,0,0,4220,0,0,1,0,0,0,0,0,0,0,0,0,0,0,0,0,0,0,0,1,0,0,0,52,44000,40,19,NA,1,2,1,0,0,0,0,0,40,0,51,"some pay, all weeks",0,0,NA,1,0.55,0,0,0,0,0,0,0,0,0,0,0,0,0,0,0,0,0,0,0,0,0,0,0,0,0,0,0,0,0,0,0,0
326,0,0,0,0,0,0,0,1,0,0,0,0,0,0,423,0,1,11.50808436,99517.05899,11.09286307,0,0,0,1,48,48,0,0,1,0,0,0,1,2304,0,0,0,1,0,1,0,0,0,2100,0,1,0,0,0,0,0,0,0,0,0,0,0,0,0,0,0,0,1,0,0,0,0,52,68000,40,7,2,1,4,1,0,0,0,0,1,40,0,51,"all pay, all weeks",0,0,NA,1,0.55,0,0,0,0,0,0,0,0,0,0,0,0,0,0,0,0,0,0,0,0,0,0,0,0,0,0,0,0,0,0,0,0
327,0,0,0,0,0,25,1,1,0,0,0,0,0,1,8,1,1,11.50808436,99517.05899,10.42870343,NA,NA,NA,NA,50,50,0,0,1,0,0,1,0,2500,0,1,0,0,0,1,0,0,0,5810,0,0,0,0,1,0,0,0,0,0,0,0,0,1,0,0,0,0,0,0,0,0,0,52,35000,40,7,NA,1,1,1,0,0,0,0,0,40,0,51,"all pay, all weeks",25,1,NA,1,0.55,0,25,0,0,0,0,0,0,0,0,0,0,0,0,0,0,0,0,0,0,3365.384615,3365.384615,0,0,0,0,0,0,0,0,0,0
330,0,0,0,0,0,30,0,1,0,0,0,0,0,1,6,1,0,10.52660764,37294.74249,9.581405568,0,0,0,1,64,64,1,0,0,0,0,0,1,4096,0,0,0,0,0,1,0,0,0,4900,0,0,0,1,0,0,0,0,0,0,0,0,0,0,1,0,0,0,0,0,0,0,0,52,15000,24,21,NA,1,1,1,0,0,0,0,0,24,0,51,"all pay, all weeks",30,1,NA,1,0.55,0,30,0,0,0,0,0,0,0,0,0,0,0,0,0,0,0,0,0,0,1730.769231,1730.769231,0,0,0,0,0,0,0,0,0,0
331,0,0,0,0,0,35,1,0,0,0,0,0,0,1,1,0,1,10.45409266,34686.04289,NA,0,0,0,1,59,59,0,0,0,0,0,0,1,3481,0,0,0,0,0,1,0,0,0,3646,0,0,1,0,0,0,0,0,0,0,0,0,0,0,0,0,0,0,1,0,0,0,0,52,0,25,14,NA,1,6,1,0,0,1,0,0,25,0,51,no pay,35,1,NA,0,0.55,0,35,0,0,0,0,0,0,0,0,0,0,0,0,0,0,0,0,0,0,0,0,0,0,0,0,0,0,0,0,0,0
333,0,60,0,0,0,0,1,0.125,0,1,0,0,0,0,45,1,0,NA,2000,7.566502548,NA,NA,NA,NA,18,18,0,0,0,0,1,0,1,324,0,0,0,0,0,1,0,0,0,2000,0,1,0,0,0,0,0,0,0,0,0,0,0,0,0,0,0,0,0,0,1,0,0,52,2000,15,14,2,1,3,1,0,NA,NA,0,0,15,1,51,"some pay, all weeks",60,1,NA,1,0.55,0,0,0,0,0,60,0,0,0,0,0,0,0,0,0,0,0,0,0,232.6923077,57.69230769,57.69230769,0,1,0,0,0,0,0,0,0,0
334,0,0,0,0,0,0,1,1,0,0,0,0,0,0,38,0,0,11.90379329,147826.3109,11.19084348,NA,NA,NA,NA,45,45,0,0,1,0,0,1,0,2025,0,0,1,0,0,1,0,0,0,5700,0,0,0,0,1,0,0,0,0,0,0,0,0,0,0,0,0,0,0,1,0,0,0,52,75000,40,14,NA,1,1,1,0,1,0,0,0,40,0,51,"all pay, all weeks",0,0,NA,1,0.55,0,0,0,0,0,0,0,0,0,0,0,0,0,0,0,0,0,0,0,0,0,0,0,0,0,0,0,0,0,0,0,0
336,0,0,0,14,10,0,1,0,0,0,0,1,1,0,5559,1,0,11.90379329,147826.3109,11.19084348,0,1,0,0,41,41,0,0,1,0,0,0,1,1681,0,1,0,0,0,1,0,0,0,4010,0,0,1,0,0,0,0,0,0,0,0,0,0,0,0,0,0,0,0,1,0,0,0,52,75000,40,13,2,1,1,1,0,1,0,0,0,40,0,51,no pay,24,2,NA,1,0.55,1,0,10,4,0,0,0,1,1,0,14,0,5,9,0,0,0,0,14,2221.153846,0,0,2221.153846,0,0,1,0,925.4807692,1295.673077,0,0,0
339,0,0,0,0,0,20,1,1,0,0,0,0,0,1,2721,0,0,NA,42000,10.61102499,0,0,0,1,27,27,0,0,1,0,1,0,1,729,0,0,1,0,0,1,0,0,0,2320,0,1,0,0,0,0,0,0,0,0,0,0,0,0,0,0,0,0,0,1,0,0,0,52,42000,40,18,2,1,4,1,0,0,0,0,1,40,0,51,"all pay, all weeks",20,1,NA,1,0.55,0,20,0,0,0,0,0,0,0,0,0,0,0,0,0,0,0,0,0,0,3230.769231,3230.769231,0,0,0,0,0,0,0,0,0,0
340,0,0,0,0,0,0,0,1,0,0,0,0,0,0,59,0,1,11.68959652,119323.8523,10.96769993,0,0,0,1,50,50,0,0,1,0,0,0,1,2500,0,0,1,0,0,1,0,0,0,726,1,0,0,0,0,0,0,0,0,0,0,0,0,0,0,0,0,0,0,0,1,0,0,52,60000,45,9,2,1,2,1,0,0,0,0,0,45,0,51,"all pay, all weeks",0,0,NA,1,0.55,0,0,0,0,0,0,0,0,0,0,0,0,0,0,0,0,0,0,0,0,0,0,0,0,0,0,0,0,0,0,0,0
341,0,0,0,0,10,0,0,0,0,0,0,0,1,0,401,0,1,11.68959652,119323.8523,11.01649009,NA,NA,NA,NA,47,47,0,0,1,0,0,1,0,2209,0,0,0,1,0,1,0,0,0,430,1,0,0,0,0,0,0,0,0,0,0,0,0,0,0,0,0,0,0,0,1,0,0,52,63000,40,12,NA,1,2,1,0,0,0,0,0,40,0,51,no pay,10,1,NA,1,0.55,0,0,10,0,0,0,0,0,0,0,0,0,0,0,0,0,0,0,0,0,0,0,0,0,0,0,0,0,0,0,0,0
342,0,0,0,0,0,0,0,1,0,0,0,0,0,0,565,0,0,NA,76000,11.20408871,NA,NA,NA,NA,56,56,0,1,1,0,0,1,0,3136,0,0,1,0,0,1,0,0,0,5550,0,0,0,0,1,0,0,0,0,0,0,0,0,0,0,1,0,0,0,0,0,0,0,52,76000,45,19,NA,1,5,1,0,0,0,1,0,45,0,51,"all pay, all weeks",0,0,NA,1,0.55,0,0,0,0,0,0,0,0,0,0,0,0,0,0,0,0,0,0,0,0,0,0,0,0,0,0,0,0,0,0,0,0
347,0,0,0,0,0,0,0,1,0,0,0,0,0,0,215,0,0,NA,10000,9.17594046,0,0,0,1,30,30,0,0,0,0,1,0,1,900,0,0,0,1,0,1,0,0,0,1300,0,1,0,0,0,0,0,0,0,0,0,0,0,0,0,0,0,0,1,0,0,0,0,16,10000,50,10,2,5,1,1,0,0,0,0,0,50,0,20,"all pay, all weeks",0,0,NA,1,0.55,0,0,0,0,0,0,0,0,0,0,0,0,0,0,0,0,0,0,0,0,0,0,0,0,0,0,0,0,0,0,0,0
349,0,0,0,0,0,0,0,1,0,0,0,0,0,0,2411,0,0,NA,85000,11.31600662,0,0,0,1,76,76,1,0,1,0,0,0,1,5776,0,0,0,1,0,1,0,0,0,2200,0,1,0,0,0,0,0,0,0,0,0,0,0,0,0,0,0,0,0,1,0,0,0,52,85000,40,10,NA,1,4,1,0,0,1,0,1,40,0,51,"all pay, all weeks",0,0,NA,1,0.55,0,0,0,0,0,0,0,0,0,0,0,0,0,0,0,0,0,0,0,0,0,0,0,0,0,0,0,0,0,0,0,0
351,0,0,0,0,0,0,0,1,0,0,0,0,0,0,966,1,1,10.94579509,56715.06177,10.42870343,NA,NA,NA,NA,24,24,0,0,1,0,0,1,0,576,0,0,1,0,0,1,0,0,0,6660,0,0,0,0,0,0,1,0,0,0,0,0,0,0,0,0,0,0,1,0,0,0,0,52,35000,45,15,NA,1,1,1,0,0,0,0,0,45,0,51,"all pay, all weeks",0,0,NA,1,0.55,0,0,0,0,0,0,0,0,0,0,0,0,0,0,0,0,0,0,0,0,0,0,0,0,0,0,0,0,0,0,0,0
352,0,0,0,0,0,0,0,1,0,0,0,0,0,0,179,1,1,10.94579509,56715.06177,10.03883042,0,0,0,1,25,25,0,0,1,0,0,0,1,625,0,0,1,0,0,1,0,0,0,2550,0,1,0,0,0,0,0,0,0,0,0,0,0,0,0,0,0,0,0,1,0,0,0,52,23700,35,17,2,1,2,1,0,0,0,0,0,35,0,51,"all pay, all weeks",0,0,NA,1,0.55,0,0,0,0,0,0,0,0,0,0,0,0,0,0,0,0,0,0,0,0,0,0,0,0,0,0,0,0,0,0,0,0
355,0,90,0,0,0,12,1,1,0,1,0,0,0,1,671,1,0,NA,52000,10.82459909,0,0,0,1,30,30,0,0,1,0,0,0,1,900,0,0,1,0,0,1,0,0,0,4700,0,0,0,1,0,0,0,0,0,0,0,0,0,0,1,0,0,0,0,0,0,0,0,52,52000,60,50,2,1,1,1,1,0,1,0,0,60,0,51,"all pay, all weeks",102,2,NA,1,0.55,0,12,0,0,0,90,0,0,0,0,0,0,0,0,0,0,0,0,0,0,20400,20400,0,0,0,0,0,0,0,0,0,0
356,0,0,0,0,10,0,1,1,0,0,0,0,1,0,442,0,0,NA,33000,10.36986293,0,0,0,1,54,54,0,0,1,0,0,0,1,2916,0,0,0,0,0,1,0,0,0,350,1,0,0,0,0,0,0,0,0,0,0,0,0,0,0,0,0,0,0,1,0,0,0,52,33000,40,23,NA,1,1,1,1,0,1,0,0,40,0,51,"all pay, all weeks",10,1,NA,1,0.55,0,0,10,0,0,0,0,1,0,0,0,0,0,0,0,0,0,0,0,0,1269.230769,1269.230769,0,0,0,0,0,0,0,0,0,0
357,0,0,0,0,0,0,1,1,0,0,0,0,0,0,69,0,0,NA,13000,9.438304725,NA,NA,NA,NA,67,67,0,0,0,0,0,1,0,4489,0,1,0,0,0,1,0,0,0,3420,0,1,0,0,0,0,0,0,0,0,0,0,0,0,1,0,0,0,0,0,0,0,0,52,13000,18,25,NA,1,1,1,1,0,1,0,0,18,0,51,"all pay, all weeks",0,0,NA,1,0.55,0,0,0,0,0,0,0,0,0,0,0,0,0,0,0,0,0,0,0,0,0,0,0,0,0,0,0,0,0,0,0,0
358,0,0,0,0,0,0,0,0,0,0,0,0,0,0,1931,0,0,11.67079744,117101.6267,11.52731572,NA,NA,NA,NA,44,44,0,0,1,0,0,1,0,1936,0,0,1,0,0,0,0,0,1,430,1,0,0,0,0,0,0,0,0,0,0,0,0,0,0,0,0,1,0,0,0,0,0,52,105000,40,17,NA,1,1,1,0,2,0,0,0,40,0,51,no pay,0,0,NA,1,0.55,0,0,0,0,0,0,0,0,0,0,0,0,0,0,0,0,0,0,0,0,0,0,0,0,0,0,0,0,0,0,0,0
360,0,0,13,0,0,0,1,0,0,0,1,0,0,0,469,1,0,11.67079744,117101.6267,9.358262017,NA,NA,NA,NA,19,19,0,0,1,0,1,1,0,361,0,0,0,0,0,1,0,0,0,4110,0,0,1,0,0,0,0,0,0,0,0,0,0,0,0,0,0,0,0,0,1,0,0,46,12000,25,16,NA,3,5,1,0,2,0,1,0,25,0,43.5,no pay,13,1,NA,1,0.55,1,0,0,0,3,0,0,1,1,0,8,0,0,0,8,0,0,0,8,229.5652174,0,0,229.5652174,0,0,1,0,0,0,229.5652174,0,0
365,0,0,0,0,0,0,0,1,0,0,0,0,0,0,607,1,0,11.88399066,144927.7558,11.19084348,NA,NA,NA,NA,44,44,0,0,1,0,0,1,0,1936,0,0,1,0,0,1,0,0,0,2310,0,1,0,0,0,0,0,0,0,0,0,0,0,0,0,0,0,0,0,1,0,0,0,52,75000,40,14,NA,1,3,1,0,2,0,0,0,40,1,51,"all pay, all weeks",0,0,NA,1,0.55,0,0,0,0,0,0,0,0,0,0,0,0,0,0,0,0,0,0,0,0,0,0,0,0,0,0,0,0,0,0,0,0
366,0,0,0,0,0,45,0,1,0,0,0,0,0,1,1041,0,0,11.88399066,144927.7558,11.19084348,0,1,0,0,44,44,0,0,1,0,0,0,1,1936,0,0,1,0,0,1,0,0,0,2310,0,1,0,0,0,0,0,0,0,0,0,0,0,0,0,0,0,0,0,1,0,0,0,52,75000,40,14,2,1,3,1,0,2,0,0,0,40,1,51,"all pay, all weeks",45,1,NA,1,0.55,0,45,0,0,0,0,0,0,0,0,0,0,0,0,0,0,0,0,0,0,12980.76923,12980.76923,0,0,0,0,0,0,0,0,0,0
367,0,0,0,0,0,68,0,0.125,0,0,0,0,0,1,2439,0,0,NA,86000,11.32770266,0,0,0,1,50,50,0,1,1,0,0,0,1,2500,0,1,0,0,0,1,0,0,0,5560,0,0,0,0,1,0,0,0,0,0,0,0,0,0,0,1,0,0,0,0,0,0,0,52,86000,40,14,2,1,5,1,0,0,0,1,0,40,0,51,"some pay, all weeks",68,1,NA,1,0.55,0,68,0,0,0,0,0,0,0,0,0,0,0,0,0,0,0,0,0,0,2811.538462,2811.538462,0,0,0,0,0,0,0,0,0,0
369,0,0,0,0,0,0,1,1,0,0,0,0,0,0,456,1,1,11.0825156,65024.25311,10.22676209,NA,NA,NA,NA,32,32,0,0,1,0,1,1,0,1024,0,0,1,0,0,1,0,0,0,2810,0,1,0,0,0,0,0,0,0,0,0,0,0,0,0,0,1,0,0,0,0,0,0,52,28600,35,14,NA,1,1,1,0,0,0,0,0,35,0,51,"all pay, all weeks",0,0,NA,1,0.55,0,0,0,0,0,0,0,0,0,0,0,0,0,0,0,0,0,0,0,0,0,0,0,0,0,0,0,0,0,0,0,0
370,0,0,0,0,0,0,1,1,0,0,0,0,0,0,4073,0,1,11.0825156,65024.25311,10.52919497,NA,NA,NA,NA,29,29,0,0,1,0,1,1,0,841,0,0,0,1,0,1,0,0,0,2310,0,1,0,0,0,0,0,0,0,0,0,0,0,0,0,0,0,0,0,1,0,0,0,52,38700,40,22,NA,1,3,1,0,0,0,0,0,40,1,51,"all pay, all weeks",0,0,NA,1,0.55,0,0,0,0,0,0,0,0,0,0,0,0,0,0,0,0,0,0,0,0,0,0,0,0,0,0,0,0,0,0,0,0
371,0,0,0,0,0,0,1,0,0,0,0,0,0,0,112,1,0,NA,6000,8.665114837,NA,NA,NA,NA,18,18,0,0,1,0,1,0,1,324,0,1,0,0,0,1,0,0,0,1010,0,1,0,0,0,0,0,0,0,0,0,0,0,0,0,0,1,0,0,0,0,0,0,40,6000,15,15,2,3,1,2,0,NA,NA,0,0,15,0,43.5,no pay,0,0,NA,1,0.55,0,0,0,0,0,0,0,0,0,0,0,0,0,0,0,0,0,0,0,0,0,0,0,0,0,0,0,0,0,0,0,0
375,0,0,0,4,0,0,0,1,0,0,0,1,0,0,12,1,0,11.13603524,68599.13775,9.869087641,1,0,0,0,24,24,0,1,0,0,0,0,1,576,0,0,0,0,0,0,0,0,1,4010,0,0,1,0,0,0,0,0,0,0,0,0,0,0,0,0,0,0,0,0,1,0,0,52,20000,40,43,2,1,1,1,0,1,0,0,0,40,0,51,"all pay, all weeks",4,1,NA,1,0.55,0,0,0,4,0,0,0,1,0,0,0,0,0,0,0,0,0,0,0,0,307.6923077,307.6923077,0,0,0,0,0,0,0,0,0,0
377,0,0,0,0,0,30,1,0,0,0,0,0,0,1,357,1,0,11.13603524,68599.13775,10.42870343,NA,NA,NA,NA,26,26,0,1,1,0,0,1,0,676,0,0,0,0,0,1,0,0,0,6230,0,0,0,0,0,0,1,0,0,0,0,0,1,0,0,0,0,0,0,0,0,0,0,40,35000,40,56,NA,3,1,1,0,1,0,0,0,40,0,43.5,no pay,30,1,NA,1,0.55,1,30,0,0,0,0,0,1,1,0,25,25,0,0,0,0,0,25,0,2406.25,0,0,2406.25,0,0,1,2406.25,0,0,0,0,0
378,0,0,0,0,0,0,0,0,0,0,0,0,0,0,9,1,0,NA,59000,10.95089281,0,0,0,1,72,72,0,1,1,0,0,0,1,5184,0,1,0,0,0,1,0,0,0,5240,0,0,0,0,1,0,0,0,0,0,0,0,0,0,0,0,0,1,0,0,0,0,0,52,59000,40,10,NA,1,1,1,0,0,1,0,0,40,0,51,no pay,0,0,NA,1,0.55,0,0,0,0,0,0,0,1,0,0,0,0,0,0,0,0,0,0,0,0,0,0,0,0,0,0,0,0,0,0,0,0
379,5,0,5,0,0,0,1,0,1,0,1,0,0,0,9467,1,0,NA,70000,11.12185061,NA,NA,NA,NA,27,27,0,0,1,0,1,1,0,729,0,0,1,0,0,1,0,0,0,4700,0,0,0,1,0,0,0,0,0,0,0,0,0,0,1,0,0,0,0,0,0,0,0,52,70000,45,18,NA,1,1,1,0,0,0,0,0,45,0,51,no pay,10,2,NA,1,0.55,0,0,0,0,5,0,5,0,0,0,0,0,0,0,0,0,0,0,0,0,0,0,0,0,0,0,0,0,0,0,0,0
381,0,0,0,0,0,0,1,1,0,0,0,0,0,0,2179,0,0,NA,54000,10.86233941,NA,NA,NA,NA,41,41,0,0,1,0,1,1,0,1681,0,0,0,1,0,1,0,0,0,3230,0,1,0,0,0,0,0,0,0,0,0,0,0,0,0,0,0,0,0,1,0,0,0,52,54000,40,13,NA,1,2,1,0,0,0,0,0,40,0,51,"all pay, all weeks",0,0,NA,1,0.55,0,0,0,0,0,0,0,0,0,0,0,0,0,0,0,0,0,0,0,0,0,0,0,0,0,0,0,0,0,0,0,0
382,0,0,0,0,0,0,1,0,0,0,0,0,0,0,77,1,0,NA,25000,10.09223119,0,0,0,1,27,27,0,0,1,0,1,0,1,729,0,1,0,0,0,1,0,0,0,3649,0,0,1,0,0,0,0,0,0,0,0,0,0,0,0,0,0,0,0,1,0,0,0,52,25000,30,14,2,1,1,1,0,0,0,0,0,30,0,51,no pay,0,0,NA,1,0.55,0,0,0,0,0,0,0,0,0,0,0,0,0,0,0,0,0,0,0,0,0,0,0,0,0,0,0,0,0,0,0,0
383,0,0,0,0,0,0,1,0,0,0,0,0,0,0,472,1,0,NA,38000,10.51094153,0,0,0,1,27,27,0,0,0,0,1,0,1,729,0,1,0,0,0,1,0,0,0,3640,0,0,1,0,0,0,0,0,0,0,0,0,0,0,0,0,0,0,0,1,0,0,0,52,38000,40,14,2,1,1,1,0,0,0,0,0,40,0,51,no pay,0,0,NA,1,0.55,0,0,0,0,0,0,0,0,0,0,0,0,0,0,0,0,0,0,0,0,0,0,0,0,0,0,0,0,0,0,0,0
384,0,0,0,0,0,0,1,0,0,0,0,0,0,0,5,1,0,NA,30000,10.27455275,0,0,0,1,27,27,0,0,0,0,1,0,1,729,0,1,0,0,0,1,0,0,0,5400,0,0,0,0,1,0,0,0,0,0,0,0,0,0,0,0,0,0,0,1,0,0,0,52,30000,38,14,2,1,1,1,0,0,0,0,0,38,0,51,no pay,0,0,NA,1,0.55,0,0,0,0,0,0,0,1,0,0,0,0,0,0,0,0,0,0,0,0,0,0,0,0,0,0,0,0,0,0,0,0
385,0,0,0,0,0,0,0,0,0,0,0,0,0,0,5,0,1,11.47852555,96618.50387,NA,0,0,0,1,75,75,0,0,1,0,0,0,1,5625,0,0,0,1,0,1,0,0,0,2100,0,1,0,0,0,0,0,0,0,0,0,0,0,0,0,0,0,0,1,0,0,0,0,44,0,15,9,NA,3,6,1,0,0,2,0,0,15,0,43.5,no pay,0,0,NA,0,0.55,0,0,0,0,0,0,0,0,0,0,0,0,0,0,0,0,0,0,0,0,0,0,0,0,0,0,0,0,0,0,0,0
386,0,0,0,0,0,0,0,1,0,0,0,0,0,0,547,0,1,11.47852555,96618.50387,9.17594046,NA,NA,NA,NA,76,76,0,0,1,0,0,1,0,5776,0,0,0,1,0,1,0,0,0,2100,0,1,0,0,0,0,0,0,0,0,0,0,0,0,0,0,0,0,1,0,0,0,0,52,10000,45,10,NA,1,1,1,0,0,2,0,0,45,0,51,"all pay, all weeks",0,0,NA,1,0.55,0,0,0,0,0,0,0,0,0,0,0,0,0,0,0,0,0,0,0,0,0,0,0,0,0,0,0,0,0,0,0,0
387,0,0,0,0,0,15,0,1,0,0,0,0,0,1,3473,1,0,NA,26200,10.13911478,0,0,0,1,21,21,0,0,1,1,0,0,1,441,0,0,1,0,0,1,0,0,0,4720,0,0,0,1,0,0,0,0,0,0,0,0,0,0,1,0,0,0,0,0,0,0,0,52,26200,39,22,2,1,1,1,0,0,0,0,0,39,0,51,"all pay, all weeks",15,1,NA,1,0.55,0,15,0,0,0,0,0,0,0,0,0,0,0,0,0,0,0,0,0,0,1511.538462,1511.538462,0,0,0,0,0,0,0,0,0,0
388,0,0,0,18,0,0,1,1,0,0,0,1,0,0,9717,0,0,NA,102000,11.49832818,0,0,0,1,36,36,0,1,1,0,0,0,1,1296,0,0,1,0,0,1,0,0,0,20,1,0,0,0,0,0,0,0,0,0,0,0,0,0,0,0,0,0,0,0,1,0,0,52,102000,50,36,2,1,1,1,0,0,0,0,0,50,0,51,"all pay, all weeks",18,1,NA,1,0.55,0,0,0,18,0,0,0,0,0,0,0,0,0,0,0,0,0,0,0,0,7061.538462,7061.538462,0,0,0,0,0,0,0,0,0,0
389,0,0,0,0,0,0,0,1,0,0,0,0,0,0,4360,0,1,13.09394554,485991.0745,12.9088368,NA,NA,NA,NA,32,32,0,0,1,0,0,1,0,1024,0,0,1,0,0,1,0,0,0,430,1,0,0,0,0,0,0,0,0,0,0,0,0,0,1,0,0,0,0,0,0,0,0,52,418000,40,31,NA,1,1,1,0,0,0,0,0,40,0,51,"all pay, all weeks",0,0,NA,1,0.55,0,0,0,0,0,0,0,0,0,0,0,0,0,0,0,0,0,0,0,0,0,0,0,0,0,0,0,0,0,0,0,0
390,0,0,0,0,0,0,0,0,0,0,0,0,0,0,5020,1,1,13.09394554,485991.0745,11.31600662,0,0,0,1,30,30,0,0,1,0,0,0,1,900,0,0,0,1,0,1,0,0,0,1450,0,1,0,0,0,0,0,0,0,0,0,0,0,1,0,0,0,0,0,0,0,0,0,52,85000,45,38,2,1,1,1,0,0,0,0,0,45,0,51,no pay,0,0,NA,1,0.55,0,0,0,0,0,0,0,0,0,0,0,0,0,0,0,0,0,0,0,0,0,0,0,0,0,0,0,0,0,0,0,0
393,0,60,0,0,0,0,1,0.125,0,1,0,0,0,0,242,1,0,NA,5700,8.613821542,NA,NA,NA,NA,19,19,0,0,0,0,1,0,1,361,0,0,0,0,0,1,0,0,0,4720,0,0,0,1,0,0,0,0,0,0,0,0,0,0,1,0,0,0,0,0,0,0,0,52,5700,22,18,2,1,1,1,0,NA,NA,0,0,22,0,51,"all pay, some weeks",60,1,8,1,0.55,1,0,0,0,0,60,0,1,1,0,52,0,0,0,0,52,0,52,0,627,164.4230769,164.4230769,627,0,0,1,0,0,0,0,627,0
395,0,0,0,0,10,0,0,1,0,0,0,0,1,0,230,0,1,11.73471696,124831.107,11.47852555,NA,NA,NA,NA,68,68,0,0,1,0,0,1,0,4624,0,1,0,0,0,1,0,0,0,4850,0,0,0,1,0,0,0,0,0,0,0,0,0,1,0,0,0,0,0,0,0,0,0,52,100000,40,8,NA,1,1,1,0,0,1,0,0,40,0,51,"all pay, all weeks",10,1,NA,1,0.55,0,0,10,0,0,0,0,0,0,0,0,0,0,0,0,0,0,0,0,0,3846.153846,3846.153846,0,0,0,0,0,0,0,0,0,0
